step,actor_loss,behavior_kl,epoch,format_policy_token_fraction,grad_norm,pg_loss,pg_loss_format,pg_loss_match,policy_token_fraction,response_clip,train_consistency,train_format,train_format_dense,train_format_exact,train_match,train_plan,train_reward,train_reward_sem,val_consistency,val_format,val_format_dense,val_format_exact,val_match,val_plan,val_reward
0,,,,,,,,,,,,,,,,,,,0.27142857142857146,0.09555489676339286,0.5814732142857143,0.5535714285714286,0.05137118510194776,0.23321105574012552,0.060926669011158605
1,0.017589207738637924,0.14890940487384796,0.0,1.0,2.0730786323547363,0.017589209048310295,0.03671228117309511,0.013917979929829016,0.9997318287690481,0.046875,0.196875,0.7881065714504734,0.9534473167728754,0.890625,0.1310868122846684,0.2194343507751938,0.2098974883556366,0.05962378520656454,,,,,,,
2,0.02455003932118416,0.12186850607395172,0.0,1.0,10.180804252624512,0.024550040368922055,0.07497599953785539,0.017052440089173615,0.9997560381889343,0.0625,0.28125,0.7496015508124169,0.9407829122340425,0.859375,0.13376344981427649,0.21908359576873385,0.20872360467910767,0.044823680140546246,,,,,,,
3,0.038629431277513504,0.10578584671020508,0.0,1.0,1.4141762256622314,0.038629431393928826,0.10274621983990073,0.0283548089209944,0.9997430145740509,0.09375,0.3375,0.7391344537574774,0.9081715227122016,0.859375,0.1574112882253192,0.3423056849920201,0.23132473230361938,0.04249677950892427,,,,,,,
4,0.05563275143504143,0.09217626601457596,0.0,1.0,2.5260226726531982,0.055632749921642244,0.1410349514335394,0.04152925359085202,0.9997588843107224,0.125,0.321875,0.6052955726524452,0.8807464995941559,0.796875,0.22292274305555554,0.4648220486111111,0.2834523022174835,0.06046999003833473,,,,,,,
5,0.03715395927429199,0.11746473610401154,0.0,1.0,3.934147596359253,0.03715395706240088,0.10677822877187282,0.02647613431327045,0.9997772922118505,0.125,0.38125,0.6456387474423363,0.8682198660714285,0.8125,0.17117574384404924,0.3100333447332421,0.23573963344097137,0.11366629220777448,,,,,,,
6,0.0403781421482563,0.10051264613866806,0.0,1.0,1.6284074783325195,0.04037814261391759,0.13325635436922312,0.02705250703729689,0.9998025596141815,0.140625,0.3,0.6130422638243872,0.8622337525631739,0.765625,0.1966622242647059,0.40588235294117647,0.25796645879745483,0.07060396983109817,,,,,,,
7,0.022402683272957802,0.14609681069850922,0.0,1.0,3.1127047538757324,0.022402682225219905,0.04850298713427037,0.017552383098518476,0.9997685588896275,0.046875,0.359375,0.8057528067326201,0.9498768682065217,0.859375,0.28738343237004105,0.4860571990424077,0.3679587244987488,0.08588988043786101,,,,,,,
8,0.020423702895641327,0.09299729019403458,0.0,1.0,0.8744000196456909,0.020423701440449804,0.05869617871940136,0.014554084977135062,0.9997364103794097,0.0625,0.434375,0.8174845377604166,0.93984375,0.90625,0.12337908496732027,0.26034007352941174,0.2051275372505188,0.04256563673542941,,,,,,,
9,0.027106735855340958,0.13284671306610107,0.0,1.0,2.6508753299713135,0.027106735506094992,0.07415610365569592,0.01969112374354154,0.9997456729412079,0.09375,0.478125,0.7402757489714635,0.9044623708858543,0.8125,0.2204546188630491,0.36446826550387595,0.29448220133781433,0.13509037661916068,,,,,,,
10,0.015592253766953945,0.14318722486495972,0.0,1.0,1.3786259889602661,0.01559225402888842,0.023616250953637064,0.01323062856681645,0.9997084637482961,0.015625,0.371875,0.8881010658581137,0.9731501130418295,0.890625,0.4270689338235294,0.6365808823529412,0.5158790349960327,0.09959563023914161,0.2678571428571429,0.022757393973214284,0.55859375,0.48214285714285715,0.06009443331596205,0.23402370638177755,0.062370168577347486
11,0.021018974483013153,0.08580442517995834,0.0,1.0,16.731252670288086,0.021018972212914377,0.06092553911730647,0.014926418545655906,0.9996889680624008,0.046875,0.378125,0.8239886182751001,0.9510488741420667,0.890625,0.14210550378096976,0.2519234971120231,0.22450436651706696,0.04830219124680692,,,,,,,
12,0.02192583680152893,0.1386824995279312,0.0,1.0,3.0678441524505615,0.021925835651927628,0.06451800069771707,0.015474034764338285,0.999761829773585,0.0625,0.33437500000000003,0.7737020886900052,0.9300093638746044,0.828125,0.3143652982026144,0.5692299836601308,0.3917354941368103,0.08919854443376059,,,,,,,
13,0.01854114979505539,0.11260147392749786,0.0,1.0,7.56268835067749,0.018541149620432407,0.06100343819707632,0.012440805847290903,0.9997302293777466,0.03125,0.34375,0.7868112417367789,0.9645057091346154,0.875,0.19615715961772306,0.3893531976744186,0.27483829855918884,0.045421318968131244,,,,,,,
14,0.02130945771932602,0.12102139741182327,0.0,1.0,1.01260507106781,0.021309457602910697,0.08258441975340247,0.013051015208475292,0.9997569501399994,0.0625,0.275,0.7684515434398985,0.9399825246710526,0.875,0.10824494307170543,0.17931201550387596,0.18509012460708618,0.03600670927261786,,,,,,,
15,0.01841605082154274,0.13407965004444122,0.0,1.0,1.467647910118103,0.018416052917018533,0.08011207019444555,0.010404846630990505,0.9997641784804208,0.109375,0.421875,0.6916137711848189,0.8990498926819841,0.828125,0.16001969452994377,0.3212889734382125,0.22918108105659485,0.11102464585686822,,,,,,,
16,0.04359756410121918,0.09425799548625946,0.0,1.0,2.10672926902771,0.0435975668951869,0.14673349633812904,0.028924215934239328,0.9997926106055578,0.171875,0.315625,0.595411137172154,0.8342873709542411,0.75,0.04661703787619699,0.11092040013679891,0.10615815222263336,0.03716221290203745,,,,,,,
17,0.02403939887881279,0.10211624950170517,0.0,1.0,0.5387766361236572,0.02403939890791662,0.07182572013698518,0.016856826609000564,0.9996941387653351,0.046875,0.371875,0.7804367065429687,0.949810791015625,0.859375,0.2552076695261438,0.38887357026143793,0.33325135707855225,0.0957820686981394,,,,,,,
18,0.03140725940465927,0.11405458301305771,0.0,1.0,17.31443214416504,0.03140725882258266,0.07075872272253036,0.024331385735422373,0.9997367635369301,0.078125,0.425,0.7777811083928422,0.9174293652119939,0.84375,0.30189404141016873,0.5027618654050767,0.3796721398830414,0.09397963355798204,,,,,,,
19,0.025075972080230713,0.11652916669845581,0.0,1.0,1.21575129032135,0.02507597382646054,0.08815577591303736,0.016260396223515272,0.9997248172760009,0.078125,0.3875,0.7841377263566064,0.9189341248274672,0.859375,0.24460406454248368,0.4456546160130719,0.32301783561706543,0.10760218778956938,,,,,,,
20,0.012164581567049026,0.1389399766921997,0.0,1.0,1.5924402475357056,0.012164582003606483,0.02478597965091467,0.00968598434701562,0.999724268913269,0.015625,0.35000000000000003,0.839697591704266,0.9731702496295643,0.890625,0.27097909007352944,0.4597311580882353,0.35494884848594666,0.07256423219943314,0.2714285714285714,0.2735648018973214,0.6651785714285714,0.6428571428571429,0.0683174562460643,0.24494156189607624,0.09567393202866827
21,0.02482910454273224,0.15761715173721313,0.0,1.0,2.8276898860931396,0.024829103582305834,0.06303710746578872,0.018525392399169505,0.9997529344899314,0.0625,0.28125,0.8040797932942708,0.93744140625,0.890625,0.12120787377450981,0.2563929738562091,0.2016158401966095,0.04795175654821046,,,,,,,
22,0.010111193172633648,0.14710982143878937,0.0,1.0,1.3627245426177979,0.01011119234317448,0.034026472829282284,0.006708545581204817,0.9996898472309113,0.015625,0.278125,0.8484758493166086,0.9802742468758093,0.890625,0.10566263305831053,0.20604640475376196,0.19051019847393036,0.02899738666743992,,,,,,,
23,0.008789647370576859,0.08762937039136887,0.0,1.0,0.9937422275543213,0.008789647254161537,0.04041001223959029,0.0047486452385783195,0.9996536895632744,0.03125,0.3375,0.8891313825334821,0.9647286551339286,0.90625,0.23365024057198355,0.4009477096999489,0.32256338000297546,0.09880761567394603,,,,,,,
24,0.011684753000736237,0.12612144649028778,0.0,1.0,0.9306158423423767,0.011684753000736237,0.020173085038550198,0.009667444275692105,0.9995946109294891,0.015625,0.39375,0.9531631469726562,0.984375,0.96875,0.20464501930859552,0.33266626054491566,0.2999613285064697,0.030464916867721223,,,,,,,
25,0.033258106559515,0.0985729992389679,0.0,1.0,1.0900638103485107,0.03325810667593032,0.11460759397596121,0.021797346766106784,0.9997515022754669,0.09375,0.33125,0.720875754783354,0.906134855070916,0.84375,0.1997414419991869,0.42465017960579204,0.2718290090560913,0.0891469486137906,,,,,,,
26,0.012462899088859558,0.10975503921508789,0.0,1.0,3.2631876468658447,0.012462899088859558,0.050414581201039255,0.007421441783662885,0.9996100217103958,0.03125,0.315625,0.8735989484379482,0.9646269135434595,0.90625,0.14380577256944443,0.2741753472222222,0.23116566240787506,0.023904007372797933,,,,,,,
27,0.010407592169940472,0.16118167340755463,0.0,1.0,1.5961757898330688,0.010407592460978776,0.04155508449184708,0.00625208395649679,0.9997117008481707,0.03125,0.23750000000000002,0.8466816952354029,0.9659198961759868,0.890625,0.09915414599574769,0.178031980864635,0.18382230401039124,0.005125568203549071,,,,,,,
28,-0.0010401047766208649,0.11059915274381638,0.0,1.0,0.8467130064964294,-0.001040105300489813,-0.0018804102437570691,-0.0008520640549249947,0.999563604593277,0.015625,0.35625,0.9640314011346727,0.9967506045386905,0.953125,0.17711685907405597,0.35993535980283586,0.27352002263069153,0.06128211148084939,,,,,,,
29,0.00950862467288971,0.1552402228116989,0.0,1.0,1.1018927097320557,0.009508624265436083,0.021409032633528113,0.007367720943875611,0.9996648132801056,0.015625,0.409375,0.9061347928764666,0.9786407340058665,0.90625,0.2560329457364341,0.46516472868217057,0.34664642810821533,0.05520633585170849,,,,,,,
30,0.005602770950645208,0.13668525218963623,0.0,1.0,1.1743754148483276,0.005602770950645208,0.019432926084846258,0.003659478039480746,0.9996876835823059,0.015625,0.296875,0.865442161627735,0.9783702090109403,0.890625,0.10819331395348837,0.18234011627906976,0.1947375386953354,0.05744838686609314,0.33571428571428574,0.37918526785714285,0.7399553571428571,0.6964285714285714,0.08176933447096968,0.25441999088792144,0.11968785883592707
31,0.032107699662446976,0.13235659897327423,0.0,1.0,1.4834922552108765,0.03210770187433809,0.0920631024055183,0.02290139172691852,0.9997248748938242,0.078125,0.278125,0.7948900495256697,0.9323607181789867,0.875,0.2076918652150783,0.35038165944672445,0.2871808707714081,0.08450132965999833,,,,,,,
32,0.007681310176849365,0.1570385843515396,0.0,1.0,1.300062894821167,0.007681310438783839,0.0150884750764817,0.006172462424729019,0.9996829281250635,0.015625,0.278125,0.8808727669584573,0.9786119174432042,0.9375,0.21358409926470587,0.41014093137254903,0.3016713857650757,0.058815792461360324,,,,,,,
33,0.01180771179497242,0.1307777613401413,0.0,1.0,0.685782253742218,0.011807712260633707,0.05059782764874399,0.006747929030098021,0.9997037410736084,0.046875,0.45625,0.8033095934081652,0.9502439888670358,0.875,0.30316772590819274,0.42974592453260374,0.3834986686706543,0.1820577064144271,,,,,,,
34,0.0011289587710052729,0.18015967309474945,0.0,1.0,0.8630920648574829,0.0011289590765954927,0.0025884730566758662,0.0008701119513716549,0.9997008343537649,0.015625,0.2625,0.9190422089820628,0.979513562490751,0.921875,0.15510703445622434,0.26230869528043776,0.24701125919818878,0.050773837966427704,,,,,,,
35,0.001999078318476677,0.1283748745918274,0.0,1.0,0.5812015533447266,0.0019990780274383724,-0.0004667738685384393,0.0020457555656321347,0.9996095821261406,0.015625,0.34375,0.9503205710847312,0.9924281176722582,0.9375,0.15424111519607844,0.258828635620915,0.2492731511592865,0.06049784423112521,,,,,,,
36,0.006524271331727505,0.12256324291229248,0.0,1.0,0.6523477435112,0.006524271477246657,0.018544999416917562,0.00466977123869583,0.9996198356151581,0.015625,0.265625,0.8813068776890851,0.992935844089674,0.9375,0.11352781933994528,0.20641779240766073,0.20165850222110748,0.024030908195119587,,,,,,,
37,0.0034410494845360518,0.10143408179283142,0.0,1.0,0.6970656514167786,0.0034410494554322213,0.02919232996646315,0.000521816109539941,0.9995961129665375,0.015625,0.525,0.8102298585299849,0.9706720382866061,0.84375,0.08130669277562447,0.13317048880275623,0.16232967376708984,0.033984223512245136,,,,,,,
38,0.023956844583153725,0.09700782597064972,0.0,1.0,1.2089484930038452,0.02395684368093498,0.08626355486921966,0.015330487483879551,0.9996460229158401,0.0625,0.3625,0.8100854056222099,0.9345005580357143,0.875,0.21241591498518012,0.418562970246238,0.29342448711395264,0.04696657944883771,,,,,,,
39,0.0014392714947462082,0.16316351294517517,0.0,1.0,1.7129944562911987,0.0014392719021998346,0.019137554452754557,-0.00047448306577280164,0.9996310075124105,0.015625,0.31875000000000003,0.9110188802083333,0.9658203125,0.9375,0.19173901808785532,0.3287548449612403,0.28284090757369995,0.038405457171107535,,,,,,,
40,0.010706823319196701,0.13955888152122498,0.0,1.0,1.0295183658599854,0.010706822504289448,0.03576410247478634,0.0071304121520370245,0.9996861457824707,0.03125,0.303125,0.9035319010416667,0.9697265625,0.953125,0.22900008074935402,0.4532380490956073,0.31935328245162964,0.0785086795194039,0.31071428571428567,0.4536272321428571,0.7477678571428571,0.7321428571428571,0.14432075271969255,0.34091060842941834,0.18968347134068608
41,0.006951822899281979,0.16786101460456848,0.0,1.0,0.9990665316581726,0.006951822666451335,0.02441633347189054,0.004510188882704824,0.9996377229690552,0.015625,0.31875000000000003,0.9160337019884128,0.9822988704536514,0.921875,0.14304369212962964,0.23252314814814815,0.23464705049991608,0.051749837294083716,,,,,,,
42,0.018861407414078712,0.10220309346914291,0.0,1.0,1.3140060901641846,0.018861406948417425,0.07050421833992004,0.011810985073680058,0.9996941486994425,0.0625,0.30312500000000003,0.7897852836936069,0.9322610293412967,0.859375,0.1374968904774364,0.2567810872422659,0.21647542715072632,0.05342648438872469,,,,,,,
43,0.00971803069114685,0.16238532960414886,0.0,1.0,62.03445053100586,0.009718030778458342,0.02583757834509015,0.007134272891562432,0.9996500412623087,0.015625,0.340625,0.8424607578294102,0.973879489650974,0.921875,0.19759585426178036,0.321140774623803,0.2818419337272644,0.03352398963164889,,,,,,,
44,-0.0030859950929880142,0.12704876065254211,0.0,1.0,2.369392156600952,-0.0030859950347803533,0.0020310853142291307,-0.0032891037117224187,0.9996162533760071,0.015625,0.446875,0.9369075112994731,0.9938763830885177,0.9375,0.2129657481241656,0.3190543155436383,0.30665653944015503,0.1010493616281049,,,,,,,
45,0.005657526198774576,0.15596787631511688,0.0,1.0,0.8178662657737732,0.005657526373397559,0.019102909485809505,0.0037472352269105613,0.9996265590190887,0.015625,0.3875,0.8794516657323987,0.9771165587629282,0.875,0.2040835794729305,0.3249976650789203,0.2920287549495697,0.129560641701148,,,,,,,
46,0.0019646496511995792,0.17816117405891418,0.0,1.0,1.0446125268936157,0.001964649825822562,0.010506717721000314,0.0009139777394011617,0.9996426233223507,0.015625,0.340625,0.9327784682765151,0.9831321022727273,0.9375,0.21818055555555557,0.3715277777777778,0.31145840883255005,0.09408812078283683,,,,,,,
47,-0.0057847872376441956,0.12388681620359421,0.0,1.0,0.7156081795692444,-0.005784787354059517,-0.0005878248484805226,-0.005726004543248564,0.9996459037065506,0.015625,0.50625,0.9519585503472222,0.9953342013888888,0.9375,0.21818551214090287,0.3551288902188782,0.3133813738822937,0.06646073691750459,,,,,,,
48,0.004820702597498894,0.08914077281951904,0.0,1.0,0.2739543318748474,0.004820702510187402,0.021796115033794194,0.002641091065015644,0.9996315141518911,0.015625,0.4875,0.9316118190872427,0.9774238388489708,0.9375,0.07439275197194005,0.10042490222327216,0.16755393147468567,0.02057924535264506,,,,,,,
49,0.006759815849363804,0.10676513612270355,0.0,1.0,1.0324252843856812,0.006759816547855735,0.02953969850204885,0.00380584632512182,0.9995837152004242,0.015625,0.459375,0.842596435546875,0.9760498046875,0.90625,0.18497050273597812,0.34457079343365254,0.2692301273345947,0.07215154940773266,,,,,,,
50,0.019503457471728325,0.1298840045928955,0.0,1.0,1.9771753549575806,0.019503458053804934,0.049854952143505216,0.014517963165417314,0.9996604025363922,0.03125,0.35625,0.8524393055801548,0.9650812318072264,0.875,0.19039123062015503,0.32474160206718344,0.27563515305519104,0.04151024080926743,0.39285714285714285,0.420166015625,0.7455357142857143,0.6785714285714286,0.12221468878248976,0.27812561070940006,0.16423128904508694
51,0.0017380579374730587,0.09890370070934296,0.0,1.0,1.8353010416030884,0.0017380580538883805,-0.0005347210681065917,0.0017915303469635546,0.9995305240154266,0.015625,0.478125,0.9554265480895916,0.9987895256916997,0.953125,0.22768543106248523,0.4002454814698832,0.3232280910015106,0.07673968677376325,,,,,,,
52,0.010369045659899712,0.11101922392845154,0.0,1.0,0.888701856136322,0.010369045747211203,0.04323225119151175,0.006045820366125554,0.9996968328952789,0.046875,0.30625,0.7826031415890424,0.9444486177884616,0.828125,0.1668107725017718,0.3068845233876683,0.24507108330726624,0.029297317120457703,,,,,,,
53,0.002280224347487092,0.143743634223938,0.0,1.0,1.361794114112854,0.00228022423107177,-0.00029877666383981705,0.0023101018741726875,0.9996252581477165,0.015625,0.48125,0.9162636481560432,0.9905733914522977,0.921875,0.3166436376633987,0.44575163398692813,0.408270001411438,0.1370771591932487,,,,,,,
54,0.011267069727182388,0.12678158283233643,0.0,1.0,0.854418158531189,0.011267070221947506,0.03989535570144653,0.007277534168679267,0.9996494829654694,0.03125,0.36562500000000003,0.8646492943975138,0.9624729100119305,0.875,0.15171520177838577,0.30512568399452805,0.23818013072013855,0.051068973567160704,,,,,,,
55,0.007768372073769569,0.14864738285541534,0.0,1.0,0.8140805959701538,0.007768372073769569,0.03334912552963942,0.004433459835126996,0.9996659219264984,0.03125,0.290625,0.8881207322417839,0.9612068873004689,0.90625,0.16471599264705883,0.28846507352941175,0.25352805852890015,0.0626446696392042,,,,,,,
56,0.007166897878050804,0.12815971672534943,0.0,1.0,1.521515130996704,0.007166897674323991,0.018719156127190217,0.005294981499901041,0.996520976225535,0.015625,0.465625,0.9463729858398438,0.9951171875,0.96875,0.18543240685324516,0.3002173107615139,0.2800697088241577,0.09422149754211276,,,,,,,
57,0.004118641372770071,0.16921383142471313,0.0,1.0,2.378887414932251,0.004118641547393054,-0.002310192008735612,0.004349661059677601,0.9996042350927988,0.015625,0.265625,0.988037109375,0.9990234375,0.984375,0.24472611362859098,0.4296201692886457,0.3435298502445221,0.061997030727638326,,,,,,,
58,-0.001209727139212191,0.17816302180290222,0.0,1.0,1.8292455673217773,-0.001209727139212191,0.002544505783589557,-0.00146417785435915,0.9995599865913392,0.015625,0.453125,0.9814811197916666,0.9998828125,0.984375,0.4625310968137255,0.7194189133986928,0.5606791973114014,0.08288516099304033,,,,,,,
59,-0.00158548669423908,0.13666048645973206,0.0,1.0,2.9513614177703857,-0.0015854867961024866,-1.508076093159616e-05,-0.001583978533744812,0.9995564669370651,0.015625,0.43125,0.9861170306701248,0.997072289347166,0.984375,0.26294255514705883,0.46911764705882353,0.36155423521995544,0.04073245052914792,,,,,,,
60,0.0018202669452875853,0.16005074977874756,0.0,1.0,0.9736093878746033,0.001820267061702907,0.005822237115353346,0.001238043187186122,0.9995665351549784,0.015625,0.54375,0.9511553016075721,0.9943795072115384,0.953125,0.1284813468992248,0.2646237080103359,0.22359690070152283,0.045899380196913364,0.4714285714285714,0.7310571655850188,0.8952108051972182,0.8214285714285714,0.2157276449946748,0.39338379019301745,0.2888333595224789
61,0.0032542687840759754,0.14751607179641724,0.0,1.0,1.7752898931503296,0.0032542687258683145,0.005058737704530358,0.002748394792433828,0.9995890483260155,0.015625,0.30625,0.9473185841586169,0.9887535033011343,0.9375,0.18988219975490198,0.33107766544117645,0.28461405634880066,0.05392229784305365,,,,,,,
62,-0.002862276043742895,0.18692035973072052,0.0,1.0,0.8341291546821594,-0.002862276160158217,0.0014684709603898227,-0.0030091229709796607,0.9995811382929484,0.015625,0.34375,0.9372966220105466,0.9923505505421866,0.9375,0.14719110037104643,0.22701970244177805,0.24092073738574982,0.051751759460313386,,,,,,,
63,-0.002585559617727995,0.138322651386261,0.0,1.0,0.6042274832725525,-0.002585559443105012,0.0007308832136914134,-0.002658647659700364,0.9995355606079102,0.015625,0.440625,0.9387870403251263,0.9936898279671718,0.9375,0.17033188696990423,0.2534124914500684,0.26421058177948,0.10358045243893532,,,,,,,
64,0.00019877287559211254,0.16336387395858765,0.0,1.0,1.2139904499053955,0.00019877293379977345,0.0015093378606252372,4.783918848261237e-05,0.9996345818042756,0.015625,0.471875,0.9107117606386083,0.9899560106533911,0.890625,0.10638403799019608,0.19204963235294117,0.19745521247386932,0.05311720284513378,,,,,,,
65,0.0041328854858875275,0.1606564074754715,0.0,1.0,0.7370529770851135,0.004132885384024121,-1.416041050106287e-05,0.004134301503654569,0.9996342609326044,0.015625,0.40625,0.9756719051640926,0.9964376206563706,0.96875,0.3138718341503268,0.49971915849673204,0.41143903136253357,0.10719459688762385,,,,,,,
66,0.014528680592775345,0.13886544108390808,0.0,1.0,1.3012926578521729,0.014528681116644293,0.0583999203518033,0.008688688627444208,0.9996616184711457,0.046875,0.26875,0.8088962839208823,0.9416398231835293,0.828125,0.13951033377069522,0.27960042497544635,0.22039996087551117,0.061993139797155476,,,,,,,
67,0.02175319194793701,0.11388968676328659,0.0,1.0,2.5236856937408447,0.021753191715106368,0.07544495724141598,0.014208695851266384,0.9996361136436462,0.046875,0.375,0.8788931880436891,0.9545599754820479,0.9375,0.21463325780893752,0.36018866849065206,0.30252256989479065,0.07030795305343518,,,,,,,
68,0.011594144627451897,0.11810456216335297,0.0,1.0,1.453732967376709,0.01159414486028254,0.01895658054854721,0.009698486421257257,0.9996045033137003,0.015625,0.375,0.9444128185813799,0.9817528368255197,0.953125,0.25258813255472873,0.4013025139774785,0.3470294177532196,0.0978554796974388,,,,,,,
69,,,,,,,,,,,0.4375,0.8815098353794643,0.9801409040178571,0.953125,0.29276352314181486,0.4859094752241982,,0.05881280152253432,,,,,,,
70,-0.00031464290805161,0.1302713304758072,0.0,1.0,0.8951441049575806,-0.0003146430244669318,-0.0017502996779512614,-0.00013961299555376172,0.9995778024196624,0.015625,0.315625,0.9758899165134803,0.9973096660539216,0.96875,0.16512572763480393,0.28222273284313726,0.2627147436141968,0.04902196332641094,0.3821428571428571,0.4590821536262531,0.7638583764097744,0.6964285714285714,0.12828490270442724,0.2735650830800238,0.17419311480729707
71,0.001390277873724699,0.15896950662136078,0.0,1.0,0.8233458995819092,0.0013902779610361904,-0.001325061428360641,0.0015227838594000787,0.9996116936206818,0.015625,0.290625,0.9285205968050623,0.9953323872202493,0.90625,0.27487064962855295,0.44786317021963823,0.367722749710083,0.09018243398366482,,,,,,,
72,0.015717679634690285,0.13620655238628387,0.0,1.0,2.116499423980713,0.015717681002570316,0.06954936173860915,0.008762744546402246,0.9997207919756571,0.0625,0.384375,0.7228249847060776,0.9184418120941559,0.828125,0.1711421568627451,0.30151654411764706,0.243424654006958,0.14367201966982138,,,,,,,
73,-0.0026250772643834352,0.1406129151582718,0.0,1.0,4.1344122886657715,-0.002625077439006418,0.00012703542597591877,-0.0026377809699624777,0.9996448814868927,0.015625,0.409375,0.9400974815277866,0.9947649261111462,0.921875,0.1579584526761286,0.2755422081623347,0.2519682049751282,0.047844104639322274,,,,,,,
74,0.004935720469802618,0.12414053082466125,0.0,1.0,0.6505337357521057,0.004935720338835381,0.0006358654936775565,0.004872133664321154,0.9995966926217079,0.015625,0.53125,0.9518766173461572,0.9970898027179622,0.9375,0.1821935918262654,0.29022742818057456,0.2773812711238861,0.08199280037337181,,,,,,,
75,0.004718872252851725,0.09838635474443436,0.0,1.0,1.2846730947494507,0.004718871612567455,0.02028922626050189,0.002689948945771903,0.9995113511880239,0.015625,0.603125,0.9315862482244318,0.9788840553977273,0.9375,0.12416911764705882,0.2274356617647059,0.21732774376869202,0.05281074307697164,,,,,,,
76,0.011205869726836681,0.15990298986434937,0.0,1.0,1.6492953300476074,0.011205869755940512,0.039584385114721954,0.007247431261930615,0.9996538559595743,0.03125,0.36875,0.9249954223632812,0.9697265625,0.953125,0.20756321486928106,0.3811529820261438,0.30006274580955505,0.08145555567658687,,,,,,,
77,0.011571187525987625,0.1257825493812561,0.0,1.0,1.7967151403427124,0.01157118787523359,0.04056399327237159,0.007514788536354899,0.9995635524392128,0.03125,0.44375000000000003,0.8282772288602941,0.9588120404411765,0.828125,0.21162121832919914,0.3746185108079376,0.29444894194602966,0.06445749909326179,,,,,,,
78,0.00054561672732234,0.1583525687456131,0.0,1.0,3.0639941692352295,0.0005456165818031877,-0.0081105096032843,0.0013566677225753665,0.9996323883533478,0.015625,0.45,0.8916779357117491,0.9828372311282467,0.921875,0.2086016515617875,0.33820679434564527,0.2977694571018219,0.06497441331519822,,,,,,,
79,0.00527211045846343,0.12328944355249405,0.0,1.0,0.5800135135650635,0.0052721107203979045,0.003928135673049837,0.004879297222942114,0.9996573150157928,0.015625,0.315625,0.964111328125,0.9970703125,0.953125,0.18566598148464813,0.3565112479100167,0.2820771336555481,0.07126823133525037,,,,,,,
80,0.015399613417685032,0.12427319586277008,0.0,1.0,0.8838315010070801,0.015399613184854388,0.05292702093720436,0.010106910893227905,0.9996233642101288,0.03125,0.44375,0.859539286295573,0.967193603515625,0.921875,0.16912031930827887,0.2753846677559913,0.25507426261901855,0.06153963857852327,0.4571428571428572,0.7858450753348214,0.9084821428571429,0.8928571428571429,0.23769263810175234,0.4085116604781448,0.3162771463394165
81,0.0032352302223443985,0.1860821396112442,0.0,1.0,1.44318425655365,0.0032352302587241866,0.013661616656463593,0.0018690685974434018,0.9996274709701538,0.015625,0.434375,0.8633595359337711,0.9700702238132095,0.890625,0.400421411134735,0.5560958293960154,0.48675739765167236,0.14508467938899397,,,,,,,
82,0.00024449429474771023,0.12373820692300797,0.0,1.0,0.47407108545303345,0.0002444943820592016,-0.0035133279161527753,0.0005958270048722625,0.999557614326477,0.015625,0.3125,0.9519407018491491,0.9952628073965964,0.9375,0.13062122734268125,0.278186987004104,0.2258153110742569,0.06485119207579963,,,,,,,
83,0.013681171461939812,0.14214199781417847,0.0,1.0,2.8967607021331787,0.013681172466021962,0.03242907184176147,0.010438265861012042,0.9996474236249924,0.03125,0.38125000000000003,0.90059324085203,0.9637010884081196,0.921875,0.17581171981874144,0.3064455796853625,0.2658710479736328,0.04165588345327547,,,,,,,
84,0.012053883634507656,0.11644874513149261,0.0,1.0,0.9859106540679932,0.01205388392554596,0.021766853518784046,0.009877198317553848,0.999616764485836,0.015625,0.46875,0.909137709515066,0.981277400560264,0.90625,0.2388095716484268,0.379656506497948,0.3297233581542969,0.08030297690700802,,,,,,,
85,-0.00011890544556081295,0.14050891995429993,0.0,1.0,1.4140201807022095,-0.00011890554742421955,-0.0009774420177564025,-2.1161336917430162e-05,0.9996259212493896,0.015625,0.390625,0.9160683654406055,0.9923984617624224,0.890625,0.1818671875,0.2485294117647059,0.2734740078449249,0.11885014542956272,,,,,,,
86,0.01058098953217268,0.11040855199098587,0.0,1.0,1.2328559160232544,0.010580989110167138,0.04530926386360079,0.006050063151633367,0.9943262115120888,0.03125,0.565625,0.8267050084449449,0.9533044087797795,0.890625,0.17324649761838049,0.28760857383020455,0.2559169828891754,0.1044631181556758,,,,,,,
87,0.012852542102336884,0.13503456115722656,0.0,1.0,1.9016400575637817,0.012852543208282441,0.02126569248503074,0.010725973988883197,0.9996273994445801,0.015625,0.321875,0.956939697265625,0.9849853515625,0.96875,0.173162109375,0.3168185763888889,0.26885610818862915,0.033064214209707926,,,,,,,
88,0.0033121714368462563,0.16663841903209686,0.0,1.0,0.7962435483932495,0.003312171815196052,-0.000905470660654828,0.003402718954021111,0.9995683232943217,0.015625,0.4,0.9881122295673077,0.9993239182692307,0.984375,0.154648553874069,0.2535964337285302,0.25345978140830994,0.02168102608931529,,,,,,,
89,0.0005264515057206154,0.1562017798423767,0.0,1.0,1.3868703842163086,0.00052645179675892,0.0023790127597749233,0.00028855015989392996,0.9997034132480621,0.015625,0.3125,0.9405947466433306,0.9930918771983225,0.9375,0.24278357391890865,0.39589306410548714,0.3368430733680725,0.05941915176372455,,,,,,,
90,-6.459129508584738e-05,0.16534392535686493,0.0,1.0,1.1343039274215698,-6.459123687818646e-05,-0.0009119439346250147,2.660343307070434e-05,0.999548003077507,0.015625,0.440625,0.988037109375,0.9990234375,0.984375,0.27038052895576836,0.4426417151162791,0.3691841959953308,0.07555571670504552,0.3964285714285714,0.6724155970982143,0.87890625,0.8392857142857143,0.16530819924869172,0.33687992638916026,0.23254975689841167
91,0.011298362165689468,0.16601893305778503,1.0,1.0,1.15659761428833,0.011298362689558417,0.041033567336853594,0.007195006008259952,0.9996262311935424,0.03125,0.40625,0.8899399301666757,0.9664349322552448,0.921875,0.17944476981684146,0.3187352751177991,0.26843878626823425,0.05620314300356605,,,,,,,
92,0.010245408862829208,0.13033811748027802,1.0,1.0,1.1398160457611084,0.010245409212075174,0.02570643904618919,0.0076747649582102895,0.9995769957701365,0.015625,0.36875,0.8965233629958572,0.9785855728996219,0.921875,0.24098958333333334,0.38819444444444445,0.33064189553260803,0.04125992103802829,,,,,,,
93,0.0030703581869602203,0.12208999693393707,1.0,1.0,0.9350981116294861,0.003070358303375542,0.006579857261385769,0.002412372617982328,0.9996194168925285,0.015625,0.28750000000000003,0.8827566818772449,0.9891042944732653,0.890625,0.20027165270177838,0.35128035225718196,0.2885473072528839,0.08493592679696496,,,,,,,
94,0.010277500376105309,0.12518379092216492,1.0,1.0,0.518571674823761,0.01027749988134019,0.016301126626785845,0.008647387367091142,0.9994926527142525,0.015625,0.55,0.956787109375,0.9990234375,0.984375,0.3640077899376805,0.5426361339109287,0.4596864581108093,0.09368446806943156,,,,,,,
95,-0.00212967861443758,0.1696886420249939,1.0,1.0,0.9797196984291077,-0.0021296784543665126,-0.003800257225520909,-0.001749652874423191,0.9995594968398412,0.015625,0.378125,0.9199713291266025,0.9865910456730769,0.921875,0.14664124962000305,0.2356985769113847,0.23863837122917175,0.028398555627833534,,,,,,,
96,0.016406673938035965,0.12677277624607086,1.0,1.0,2.494363784790039,0.01640667358879,0.04711130930809304,0.011695542692905292,0.999620771408081,0.03125,0.375,0.9042309362896677,0.9735643701586707,0.9375,0.29376323814409483,0.5046438003495972,0.3841862976551056,0.09705535462448153,,,,,,,
97,0.010805494152009487,0.13545238971710205,1.0,1.0,1.05478036403656,0.010805494501255453,0.027404693886637688,0.008065025554969907,0.9996327906847,0.015625,0.34375,0.8877211803419489,0.9737362838677955,0.921875,0.3035226077410131,0.5705971711601308,0.3922947645187378,0.042306467752328616,,,,,,,
98,0.00660660769790411,0.1434134989976883,1.0,1.0,1.000319480895996,0.0066066081781173125,-0.0028765557799488306,0.006894263671711087,0.9996585607528686,0.015625,0.415625,0.9369997876269238,0.9959158171743621,0.921875,0.1771861640731874,0.2865915697674419,0.2708861529827118,0.023034339563870663,,,,,,,
99,-0.0024533795658499002,0.11472742259502411,1.0,1.0,1.0683493614196777,-0.0024533795076422393,-0.003182017244398594,-0.00213517778320238,0.9995163083076477,0.015625,0.45625,0.9515434852013221,0.9936739408052885,0.9375,0.15285932789621015,0.25763888888888886,0.2480136603116989,0.03174721665986291,,,,,,,
100,0.007774360477924347,0.13793322443962097,1.0,1.0,2.1192800998687744,0.007774360739858821,0.01899802964180708,0.005874557711649686,0.9995904207229614,0.015625,0.45625,0.8917953801811691,0.9739523540580098,0.890625,0.29658926128590973,0.47169414519683844,0.3857687711715698,0.13489851787373228,0.4714285714285714,0.7000906808035714,0.8885323660714286,0.8035714285714286,0.15578388760239317,0.2776135860620516,0.22579295421019197
101,7.45279248803854e-05,0.13004595041275024,1.0,1.0,6.009159564971924,7.452804129570723e-05,0.0021782280527986586,-0.0001432948629371822,0.9994159415364265,0.015625,0.64375,0.9516413762019231,0.9940655048076923,0.9375,0.14545592445877903,0.2252101686499761,0.24062006175518036,0.04578331588365591,,,,,,,
102,0.005358180962502956,0.14082881808280945,1.0,1.0,0.7323484420776367,0.0053581809042952955,0.012998282676562667,0.004058352846186608,0.9995886445045471,0.015625,0.38125000000000003,0.9435311199787476,0.9868930346024904,0.953125,0.18601704286365708,0.324608840629275,0.28037017583847046,0.06315338294652786,,,,,,,
103,0.0053406041115522385,0.16422249376773834,1.0,1.0,1.648524284362793,0.005340604271623306,0.027034918661229312,0.0026371125713922083,0.9995536208152771,0.015625,0.503125,0.920157298847968,0.9784807578918723,0.921875,0.28592327028703046,0.46244130935506733,0.37793898582458496,0.14097450748993678,,,,,,,
104,0.02100900560617447,0.1495674103498459,1.0,1.0,1.6074005365371704,0.021009007105021738,0.057389093562960625,0.015270098694600165,0.9996186395486196,0.046875,0.34375,0.8510158763212317,0.9537461224724265,0.90625,0.18023851102941177,0.2921875,0.26534008979797363,0.09704164642526326,,,,,,,
105,0.0030757482163608074,0.16436824202537537,1.0,1.0,1.1718437671661377,0.003075748129049316,0.013759160821791738,0.0016998321225401014,0.9967287361621857,0.015625,0.371875,0.9324258291585532,0.992398629134213,0.9375,0.1485394837622549,0.2835094975490196,0.2417820692062378,0.03504179786530862,,,,,,,
106,-0.0005149815697222948,0.15622496604919434,1.0,1.0,4.2629714012146,-0.0005149813223397359,0.0019202004768885672,-0.0007070014835335314,0.999538965523243,0.015625,0.421875,0.98779296875,0.998046875,0.984375,0.25320041870915033,0.3701235702614379,0.35197970271110535,0.10883759428596654,,,,,,,
107,-0.00030004221480339766,0.14648029208183289,1.0,1.0,1.0254507064819336,-0.00030004237487446517,0.0032290854724124074,-0.0006229508435353637,0.9995582222938537,0.015625,0.45625,0.9393637046881963,0.9970381520861186,0.921875,0.2945219305745554,0.47432241792065666,0.3884582817554474,0.07808078612939294,,,,,,,
108,0.00872020237147808,0.11356295645236969,1.0,1.0,7.249112606048584,0.00872020228416659,0.023075340199284256,0.006412668386474252,0.9995714798569679,0.015625,0.47500000000000003,0.916983231254246,0.9822944972826086,0.921875,0.26732703488372095,0.41119186046511624,0.35902538895606995,0.06625537010796542,,,,,,,
109,0.008608969859778881,0.1451752483844757,1.0,1.0,1.7740894556045532,0.008608969816123135,0.028476334700826555,0.005761336360592395,0.9995831400156021,0.03125,0.371875,0.8581366746945489,0.9552168996710526,0.890625,0.25045302430652844,0.42507267441860463,0.3362666964530945,0.0810529228285246,,,,,,,
110,0.0027213566936552525,0.18292081356048584,1.0,1.0,0.9625915288925171,0.002721356780966744,-0.00028436668071663007,0.002749793289694935,0.9996158530314764,0.015625,0.321875,0.9638652186239919,0.9960858744959677,0.96875,0.2809421027131783,0.47725156115417744,0.37732863426208496,0.06100232870218301,0.39285714285714285,0.5220424107142857,0.78125,0.75,0.12949140528304345,0.28572066423468606,0.18169564328023366
111,0.011737750843167305,0.1457824558019638,1.0,1.0,0.6384655237197876,0.011737750843167305,0.03335887752473354,0.00840186350978911,0.9996475875377655,0.03125,0.228125,0.8255733245699276,0.9536604857797106,0.84375,0.16174826388888888,0.3136935763888889,0.2443055957555771,0.08477802550179192,,,,,,,
112,0.002831378486007452,0.17002098262310028,1.0,1.0,0.9252601861953735,0.0028313783986959606,0.00043265282874926925,0.0027881131682079285,0.9995808005332947,0.015625,0.453125,0.9156255559179317,0.9906272236717267,0.890625,0.29347518382352944,0.48028492647058824,0.38503777980804443,0.07408396486747346,,,,,,,
113,0.016448087990283966,0.13932135701179504,1.0,1.0,1.179540991783142,0.01644809008575976,0.041377611574716866,0.01231032921350561,0.9995700180530548,0.03125,0.58125,0.9130615234375,0.96826171875,0.9375,0.3309359170751634,0.5291921977124183,0.42224207520484924,0.11246329047806139,,,,,,,
114,0.0033626160584390163,0.18981410562992096,1.0,1.0,1.2509191036224365,0.003362616029335186,0.000617293146206066,0.0033008867758326232,0.9995260089635849,0.015625,0.45,0.975752508361204,0.996760033444816,0.96875,0.27767762313258637,0.5182094712885154,0.375252902507782,0.05917901137188817,,,,,,,
115,0.0021760284435003996,0.15023276209831238,1.0,1.0,0.8351303935050964,0.002176028283429332,0.007838983554393053,0.001392129808664322,0.9995414912700653,0.015625,0.4375,0.9413937064568825,0.9942206591608631,0.9375,0.3567090992647059,0.5827205882352942,0.45084843039512634,0.08968622145389571,,,,,,,
116,0.005355832166969776,0.18194301426410675,1.0,1.0,1.0277175903320312,0.005355832341592759,0.022823588689789176,0.00307347351917997,0.9996853470802307,0.015625,0.40625,0.894007400477127,0.9797324013876748,0.90625,0.2378641534617723,0.4038968688250494,0.32726484537124634,0.08860460082847123,,,,,,,
117,0.005525567103177309,0.14952678978443146,1.0,1.0,0.5782935619354248,0.005525566986761987,0.004029287025332451,0.005122638656757772,0.9995138545831045,0.015625,0.29375,0.951284897118284,0.9926395884731359,0.9375,0.20713806697377746,0.36037606307583275,0.30226653814315796,0.09891622618751157,,,,,,,
118,0.01670481637120247,0.1305449903011322,1.0,1.0,0.7894310355186462,0.01670481648761779,0.05484543042257428,0.01122027396922931,0.9996021166443825,0.03125,0.35625,0.8155535016741071,0.9510811941964286,0.890625,0.12418010430916553,0.25007908686730507,0.2057354599237442,0.027830816726762277,,,,,,,
119,0.01401507668197155,0.15199750661849976,1.0,1.0,1.0042779445648193,0.01401507732225582,0.01890119898598641,0.012124956701882184,0.9995921134948731,0.015625,0.415625,0.9320082842293432,0.9790096994173729,0.9375,0.3858593548126615,0.6290243459302326,0.47906017303466797,0.036819775459632775,,,,,,,
120,0.0068733831867575645,0.15445561707019806,1.0,1.0,0.7080362439155579,0.006873383419588208,0.021257017157040536,0.0047476816398557276,0.9995992531379064,0.015625,0.43125,0.9087990667586936,0.9799228295347744,0.90625,0.22148896257267442,0.33849927325581397,0.31236883997917175,0.14429306032178157,0.4714285714285714,0.39310034475746825,0.7840563535196686,0.6785714285714286,0.14707753430829693,0.29386752763120755,0.18638756405562162
121,0.0019179416121914983,0.18322722613811493,1.0,1.0,1.0900437831878662,0.0019179411028744653,0.00037369912024587393,0.001880571071524173,0.9995371053616205,0.015625,0.47500000000000003,0.9025527912783319,0.9852111651133275,0.875,0.2514827291381669,0.3262750085499316,0.3417380452156067,0.13653077203847547,,,,,,,
122,0.0022053210996091366,0.1704387664794922,1.0,1.0,1.0169007778167725,0.002205320808570832,-0.0020751614356413484,0.002412836969597265,0.9995064586400986,0.015625,0.403125,0.92822265625,0.994140625,0.90625,0.12861792004462042,0.21157273205756663,0.22144019603729248,0.028594536519287443,,,,,,,
123,0.010931349359452724,0.12765367329120636,1.0,1.0,0.7220304608345032,0.01093134940310847,0.0357272878754884,0.007358619768638164,0.999491560459137,0.015625,0.428125,0.8880852538403551,0.9793592445280871,0.921875,0.14384554886211512,0.30087014725568945,0.23265407979488373,0.05129067156533845,,,,,,,
124,0.001116835861466825,0.16961902379989624,1.0,1.0,1.2243821620941162,0.0011168358469149098,0.004747470666188747,0.0006420888239517808,0.9996207455794016,0.015625,0.465625,0.9441999162946428,0.9955496651785715,0.96875,0.10549417892156863,0.1829095179738562,0.19991418719291687,0.05570807344172178,,,,,,,
125,0.0030200325418263674,0.16402533650398254,1.0,1.0,1.0309122800827026,0.003020032396307215,0.00614911486627534,0.0024051209329627454,0.9800207912921906,0.015625,0.43125,0.91357421875,0.9716796875,0.9375,0.3334326158515732,0.5362730848153214,0.42479005455970764,0.07210811057255201,,,,,,,
126,0.013652952387928963,0.1693359762430191,1.0,1.0,1.5378676652908325,0.01365295282448642,0.04493641946464777,0.009159310488030314,0.9996055439114571,0.03125,0.321875,0.850383970263752,0.9588867333277354,0.875,0.20487216961639307,0.3737835941062472,0.28991055488586426,0.0907202268353584,,,,,,,
127,0.006502095609903336,0.18593935668468475,1.0,1.0,1.4850448369979858,0.006502094445750117,0.024022760044317693,0.004099818062968552,0.9996345162391662,0.015625,0.33125,0.9146073635269261,0.9786768499410378,0.921875,0.14936056130300956,0.2479576350889193,0.24082130193710327,0.05818005334217023,,,,,,,
128,0.000939049874432385,0.14714054763317108,1.0,1.0,0.698580265045166,0.0009390500199515373,-0.0007232737261801958,0.0010113773751072586,0.9995350614190102,0.015625,0.540625,0.9268692357526772,0.9887269430107087,0.90625,0.2965566645429186,0.4167770646539647,0.38924360275268555,0.17150503998738398,,,,,,,
129,0.0025439902674406767,0.12629342079162598,1.0,1.0,0.6613206267356873,0.002543990107369609,0.001192503550555557,0.0024247395631391555,0.9995541945099831,0.015625,0.409375,0.9659441266741071,0.996337890625,0.96875,0.16007909210370896,0.27095099146586343,0.25667351484298706,0.0669061043605549,,,,,,,
130,0.007895169779658318,0.16764435172080994,1.0,1.0,2.1832125186920166,0.00789517056546174,0.021669645211659372,0.005728205607738346,0.9996048748493195,0.015625,0.321875,0.9282715942235117,0.9831527017638385,0.953125,0.19165277777777778,0.32059461805555556,0.28447994589805603,0.04356484057829621,0.38571428571428573,0.709084024234694,0.8798628826530612,0.8214285714285714,0.18610790128136806,0.3712257357879175,0.25701630328382763
131,0.009563904255628586,0.11442127078771591,1.0,1.0,1.0488343238830566,0.00956390390638262,0.043569082859903574,0.005206995760090649,0.9995987951755524,0.03125,0.378125,0.9096110026041667,0.9695638020833334,0.9375,0.19446046250379997,0.3405346319729442,0.28542155027389526,0.08617331703336915,,,,,,,
132,0.00816259253770113,0.1326136738061905,1.0,1.0,1.658088207244873,0.008162592654116452,0.019693969748914242,0.006193195411469787,0.9995129331946373,0.015625,0.475,0.9442811928198699,0.9812263337794795,0.953125,0.22834309806771547,0.3561623632010944,0.32277119159698486,0.07155977992205015,,,,,,,
133,-0.001990711549296975,0.11203096061944962,1.0,1.0,0.5796129703521729,-0.0019907115638488904,-0.002596390579128638,-0.0017310724942944944,0.9994832575321198,0.015625,0.4375,0.9749867757161458,0.99786376953125,0.96875,0.12708957597089224,0.22879498214014288,0.22458826005458832,0.05123799333663645,,,,,,,
134,0.000110961205791682,0.15867161750793457,1.0,1.0,0.5707381367683411,0.00011096126399934292,-1.9528670236468315e-06,0.0001111565507017076,0.9994453564286232,0.015625,0.428125,0.98779296875,0.998046875,0.984375,0.10418455027359781,0.1770904582763338,0.20296384394168854,0.03912542214868056,,,,,,,
135,0.008418651297688484,0.10560503602027893,1.0,1.0,0.6503520011901855,0.008418651792453602,0.02402809786144644,0.0060158418491482735,0.9994084139664968,0.015625,0.525,0.9483580007980736,0.9833192567567568,0.96875,0.21633944232813607,0.3446408796952516,0.31117522716522217,0.09147387298001722,,,,,,,
136,0.003214606549590826,0.1378842145204544,1.0,1.0,0.7415751814842224,0.0032146068260772154,0.00025055190781131387,0.0031895517313387245,0.9995684921741486,0.015625,0.409375,0.9522086307920259,0.9963345231681034,0.9375,0.2015436260259918,0.3427250769493844,0.2967644929885864,0.09305593552718844,,,,,,,
137,0.007574370596557856,0.1808369755744934,1.0,1.0,0.974742591381073,0.007574370160000399,0.0176358874887228,0.005810781745822169,0.999594634771347,0.015625,0.384375,0.9320417131696429,0.9791434151785714,0.9375,0.31178690245478036,0.47427325581395346,0.4049910604953766,0.10491503364340873,,,,,,,
138,0.01172168180346489,0.1502637416124344,1.0,1.0,0.9948207139968872,0.01172168058110401,0.035714678931981325,0.008150212757755071,0.9996179689963659,0.015625,0.44375,0.8907462090149989,0.9808193087162457,0.953125,0.3067266667022914,0.5057406556372549,0.395801305770874,0.07165408075915529,,,,,,,
139,0.0016503757797181606,0.16941218078136444,1.0,1.0,1.63187837600708,0.0016503753722645342,0.010702128056436777,0.0005801623337902129,0.9996617308684758,0.015625,0.421875,0.8764590796604681,0.9903944241106224,0.859375,0.30452113970588235,0.5329963235294117,0.3921670615673065,0.10532959205963434,,,,,,,
140,0.0014318462926894426,0.16710299253463745,1.0,1.0,0.9425673484802246,0.001431846059858799,-0.0015302756801247597,0.0015848735929466784,0.9996197919050852,0.015625,0.459375,0.9376962762129935,0.9878456517269737,0.921875,0.3520683721405229,0.5498927696078432,0.44583800435066223,0.0818849031168407,0.3821428571428571,0.515827922077922,0.7898741883116883,0.7142857142857143,0.14629028513899253,0.30402166937569836,0.19787307353025035
141,0.01645635813474655,0.14380255341529846,1.0,1.0,0.8960815668106079,0.0164563586586155,0.04094362270552665,0.012361996748950332,0.9995581865310669,0.03125,0.40625,0.8578219943576388,0.9644911024305556,0.90625,0.17974191675216597,0.3209501823985408,0.26552411913871765,0.06417963453436014,,,,,,,
142,0.0002829963341355324,0.12304756790399551,1.0,1.0,4.380288600921631,0.0002829963341355324,0.01938628195784986,-0.001655631698668003,0.9994950294494629,0.015625,0.375,0.94384765625,0.9794921875,0.953125,0.15223207720588236,0.2516084558823529,0.24661684036254883,0.060160757720825096,,,,,,,
143,0.0009671072475612164,0.19258715212345123,1.0,1.0,0.9243513345718384,0.0009671072330093011,0.001137731538619846,0.0008533342333976179,0.9995337545871734,0.015625,0.41250000000000003,0.9727149600074405,0.9981515066964286,0.96875,0.08361161935704514,0.149499829001368,0.18088310956954956,0.02594670035172496,,,,,,,
144,-0.002356985118240118,0.13784775137901306,1.0,1.0,0.3564024269580841,-0.0023569848854094744,-0.0026529114111326635,-0.002091693808324635,0.999543309211731,0.015625,0.590625,0.9638671875,0.99609375,0.953125,0.1731310562015504,0.2698320413436693,0.26951777935028076,0.08353215015685689,,,,,,,
145,0.0030900863930583,0.1514880359172821,1.0,1.0,0.5737320184707642,0.003090086451265961,0.0002536725369282067,0.0030647193489130586,0.9995554238557816,0.015625,0.53125,0.9631545608108109,0.9932432432432432,0.953125,0.48749305555555555,0.6552083333333334,0.5838085412979126,0.14712298112721833,,,,,,,
146,0.0193934328854084,0.19994641840457916,1.0,1.0,0.9949308633804321,0.019393433671211824,0.06284062715712935,0.0131093710224377,0.9997087605297565,0.078125,0.365625,0.6017141021413482,0.8580684949624517,0.71875,0.15704465439276485,0.30489341085271315,0.21721607446670532,0.14993349275837436,,,,,,,
147,0.0015668764244765043,0.13931961357593536,1.0,1.0,8.56143569946289,0.001566876278957352,-0.00283762818435207,0.001850638771429658,0.9995709836483002,0.015625,0.515625,0.9163022036557192,0.9933338146228772,0.890625,0.22230076702157467,0.35700301204819274,0.3139309883117676,0.08202278819329395,,,,,,,
148,0.017390042543411255,0.16374517977237701,1.0,1.0,1.2669070959091187,0.01739004167029634,0.062463290989398956,0.011143712792545557,0.9996741712093353,0.046875,0.434375,0.8406265258789063,0.946826171875,0.875,0.11924358319716775,0.21680793845315904,0.20330622792243958,0.051388156351567835,,,,,,,
149,-0.0022873072884976864,0.18870247900485992,1.0,1.0,1.4468951225280762,-0.0022873075649840757,-0.0023137290263548493,-0.0020559344557113945,0.9995996534824372,0.015625,0.240625,0.9453125,0.986328125,0.96875,0.1727621527777778,0.34057907380490954,0.26729339361190796,0.02715890830714795,,,,,,,
150,0.0012277780333533883,0.15469688177108765,1.0,1.0,0.9488929510116577,0.0012277780333533883,0.00220334529876709,0.0010074436213471927,0.9995308816432953,0.015625,0.425,0.9384782592612607,0.9882880370450429,0.921875,0.22725183823529413,0.3696129493464052,0.3210996687412262,0.04680606146321678,0.425,0.7440318504584483,0.9073495000480791,0.8214285714285714,0.17118322096280372,0.3072751775128656,0.2455864057077893
151,0.0062277792021632195,0.17827758193016052,1.0,1.0,2.232074737548828,0.00622777926037088,0.029966617585159838,0.0032311175018548965,0.9881375849246978,0.015625,0.3875,0.8702080620659722,0.9703993055555555,0.90625,0.247953414747682,0.3980437281501748,0.3349741995334625,0.08197013145025814,,,,,,,
152,0.015639781951904297,0.17048926651477814,1.0,1.0,0.4065132439136505,0.01563978173362557,0.06590544164646417,0.009049237880390137,0.9995620369911193,0.046875,0.3375,0.8940211704799107,0.9540143694196429,0.9375,0.08962214171036632,0.18530943627450983,0.17902427911758423,0.04059026265471276,,,,,,,
153,0.004999171476811171,0.17556346952915192,1.0,1.0,2.361468553543091,0.0049991720443358645,0.0332317378197331,0.0016759985301177949,0.9996889616761889,0.03125,0.346875,0.8722110471863678,0.9686212069746377,0.9375,0.17159411850834713,0.35233513711709585,0.2588152289390564,0.03926367104388499,,,,,,,
154,0.00021576113067567348,0.14814703166484833,1.0,1.0,1.3353198766708374,0.00021576086874119937,0.0021584893111139536,-8.806819096207619e-08,0.9995791196823121,0.015625,0.4875,0.9493675707207352,0.9979402535860655,0.9375,0.24422303204782195,0.37799307803203236,0.3391598165035248,0.05542202806040734,,,,,,,
155,0.00883922353386879,0.15442641079425812,1.0,1.0,1.555551528930664,0.00883922450884711,0.021773435990326107,0.006661881023319438,0.9995283931493759,0.015625,0.5,0.9443790211397058,0.9816176470588235,0.953125,0.3015304840686275,0.46281658496732025,0.39596837759017944,0.10987866473205148,,,,,,,
156,0.0056087421253323555,0.14245037734508514,1.0,1.0,0.806804895401001,0.005608742168988101,0.018074023071676493,0.003801339858910069,0.9996366117681775,0.015625,0.334375,0.8685087567472821,0.9681756519891286,0.875,0.052963694852941175,0.13230698529411766,0.1398145705461502,0.02872037283798901,,,,,,,
157,0.015573149546980858,0.19711945950984955,1.0,1.0,1.525635838508606,0.015573148324619979,0.024188638548366725,0.013154283631592989,0.9996290504932404,0.015625,0.328125,0.8374097314895008,0.9687795509580034,0.875,0.3319172794117647,0.5211397058823529,0.41565823554992676,0.09719128103056772,,,,,,,
158,0.003437563544139266,0.1514209359884262,1.0,1.0,0.8217253684997559,0.0034375633986201137,0.01490394293796271,0.001947169192135334,0.9995696917176247,0.015625,0.465625,0.8416459367081925,0.9769353093327703,0.859375,0.22284375,0.30625,0.3070083260536194,0.16816759481088275,,,,,,,
159,0.0003221802180632949,0.15913814306259155,1.0,1.0,1.3385133743286133,0.00032218040723819286,-0.00023354426957666874,0.0003455348778516054,0.9994031488895416,0.015625,0.49375,0.9396306818181818,0.9928977272727273,0.921875,0.17755493885215584,0.26370823200081067,0.2715179920196533,0.059335509825720334,,,,,,,
160,0.005326744168996811,0.1871677190065384,1.0,1.0,0.8467916250228882,0.0053267442708602175,0.01594969956204295,0.0037317745736800134,0.9996089994907379,0.015625,0.446875,0.94482421875,0.9833984375,0.953125,0.12726083008504607,0.1662966203047484,0.22174325585365295,0.03840748086703628,0.4107142857142857,0.6400599611589427,0.8586052650226758,0.7678571428571429,0.20424138492606345,0.3871533884871778,0.2682473794557154
161,0.0002805757103487849,0.18004237115383148,1.0,1.0,0.8702704310417175,0.00028057587769581005,0.0010570204758550972,0.0001748736685840413,0.999438650906086,0.015625,0.325,0.988037109375,0.9990234375,0.984375,0.14877244832041345,0.2585109819121447,0.24757614731788635,0.08926672294906782,,,,,,,
162,0.0017287442460656166,0.15963105857372284,1.0,1.0,2.1590731143951416,0.0017287444352405146,0.007360759482253343,0.0009926685161190107,0.9996118545532227,0.015625,0.365625,0.9689114836487137,0.99695330764173,0.96875,0.18828912662448702,0.3202986063611491,0.2851802706718445,0.0570808871807074,,,,,,,
163,0.0015628451947122812,0.160813108086586,1.0,1.0,0.7917927503585815,0.0015628451365046203,0.00047846470260992646,0.0015149986138567328,0.9994959086179733,0.015625,0.446875,0.9875796669407895,0.9971936677631579,0.984375,0.15274991450068398,0.3274196306429549,0.25150787830352783,0.040706238874766654,,,,,,,
164,0.0025130650028586388,0.1855342835187912,1.0,1.0,0.9592582583427429,0.0025130657013505697,-0.00230704911518842,0.0027437704848125577,0.9995322078466415,0.015625,0.346875,0.903030182249195,0.9871207289967796,0.875,0.3029231275878709,0.5046469793904299,0.39322617650032043,0.06950521180345062,,,,,,,
165,-0.001643095281906426,0.1572125405073166,1.0,1.0,0.8869695663452148,-0.0016430950709036551,-0.0017324984655715525,-0.001469845330575481,0.9995658695697784,0.015625,0.346875,0.9759843428056318,0.9976873712225275,0.96875,0.2315573169008398,0.4279463420542636,0.3291557729244232,0.04472233864310444,,,,,,,
166,0.005405178293585777,0.1562056541442871,1.0,1.0,1.3823816776275635,0.005405178060755134,-0.00015537859871983528,0.005420716013759375,0.9995420053601265,0.015625,0.528125,0.9391867369284361,0.9911219477137446,0.921875,0.2115716911764706,0.34332107843137255,0.3054903745651245,0.06599771768508066,,,,,,,
167,0.003458445891737938,0.16044418513774872,1.0,1.0,0.5684186220169067,0.0034584456880111247,0.01661368878558278,0.0017970768676605076,0.9994486172993978,0.015625,0.575,0.9087320963541666,0.9796549479166666,0.90625,0.09596984050257117,0.1465954919197996,0.18684305250644684,0.05326586897228277,,,,,,,
168,0.012766821309924126,0.18193508684635162,1.0,1.0,1.7160462141036987,0.01276682163006626,0.04072456480935216,0.008694364863913506,0.9996505847999028,0.03125,0.440625,0.9005911690848214,0.9636928013392857,0.921875,0.22625536151960784,0.4148794934640523,0.3163144886493683,0.09520968834852198,,,,,,,
169,0.011536648496985435,0.21046094596385956,1.0,1.0,0.8278247714042664,0.011536647638422437,0.022594822570681572,0.009277165459934622,0.9996341824531555,0.015625,0.38125,0.9203435724431818,0.9792258522727273,0.921875,0.24483725472383722,0.4008138466142271,0.3368716239929199,0.09180866733537507,,,,,,,
170,-0.0025574069004505873,0.15395985543727875,1.0,1.0,0.4911799728870392,-0.0025574069004505873,0.0018613125430420041,-0.002743538236245513,0.9995233565568924,0.015625,0.509375,0.9431214766068892,0.9962713068181818,0.9375,0.11732498290013679,0.20121943399452805,0.21163712441921234,0.025737616792112807,0.44642857142857145,0.8141023596938776,0.9287308673469388,0.875,0.21657598735767772,0.3910689824636308,0.2979862205684185
171,0.014731702394783497,0.1809563785791397,1.0,1.0,2.0158121585845947,0.01473170254030265,0.030618097371188924,0.011669891944620758,0.9995451867580414,0.03125,0.440625,0.8099089122953869,0.9456903366815477,0.828125,0.2729492613017429,0.45571384803921566,0.3539401590824127,0.07931620112473621,,,,,,,
172,0.0013417855370789766,0.14170069992542267,1.0,1.0,0.7663785815238953,0.0013417854788713157,0.00924952607601881,0.0004168328596279025,0.9995129108428955,0.015625,0.4125,0.936505126953125,0.9882080078125,0.9375,0.10455858098447712,0.1742672589869281,0.19820910692214966,0.030369674862518344,,,,,,,
173,0.013878108933568,0.17892944812774658,1.0,1.0,1.361604928970337,0.01387810823507607,0.04694533412111923,0.009183575049974024,0.999450072646141,0.03125,0.36875,0.847991205772385,0.9521357333498304,0.890625,0.23986191860465117,0.40843023255813954,0.3246610164642334,0.06108482004155115,,,,,,,
174,-0.000813462189398706,0.2128332108259201,1.0,1.0,2.517442226409912,-0.0008134619711199775,0.0005564489765674807,-0.0008691067341715097,0.9994591891765594,0.015625,0.48125,0.9878210642981151,0.9981592571924603,0.984375,0.4268868202804378,0.665358883378933,0.5256689190864563,0.0780800033023664,,,,,,,
175,0.006315097212791443,0.13713985681533813,1.0,1.0,0.747990071773529,0.0063150971254799515,0.020130611606873572,0.004302036017179489,0.9995804131031036,0.015625,0.459375,0.9210788892663043,0.9821671195652174,0.921875,0.13121815201984408,0.23589652728561303,0.22332605719566345,0.02475910053822078,,,,,,,
176,-0.0031145699322223663,0.22530145943164825,1.0,1.0,1.0893959999084473,-0.0031145700195338577,-0.007222325017210096,-0.0023923376575112343,0.9995635648568472,0.015625,0.28125,0.8921314586292614,0.9904008345170454,0.859375,0.19002287106703147,0.31324705027359784,0.2792360186576843,0.07599859912798848,,,,,,,
177,0.010186671279370785,0.170009046792984,1.0,1.0,0.9336656332015991,0.010186671104747802,0.017761494586011395,0.008410521317273378,0.9995643049478531,0.015625,0.415625,0.9494442894345239,0.9852120535714286,0.96875,0.2323561580882353,0.3988511029411765,0.3273006081581116,0.06432393026098067,,,,,,,
178,0.0002428293228149414,0.19542106986045837,1.0,1.0,0.6371309161186218,0.00024282927915919572,-2.5896355509757996e-05,0.00024541892344132066,0.9994539096951485,0.015625,0.53125,0.97529296875,0.998046875,0.96875,0.4037300169098647,0.6221977599179207,0.5012593269348145,0.11616828816408682,,,,,,,
179,0.0065465751104056835,0.1865670382976532,1.0,1.0,1.1526908874511719,0.006546574761159718,0.023628350027138367,0.004183739423751831,0.999509084224701,0.015625,0.43125,0.9446329752604167,0.983154296875,0.953125,0.3028194444444444,0.4732638888888889,0.3972827196121216,0.10442037651852892,,,,,,,
180,0.002377217635512352,0.160171777009964,1.0,1.0,0.7926986813545227,0.002377217693720013,0.0007510800496675074,0.0023021099041216075,0.9979535043239594,0.015625,0.4625,0.8273445375504033,0.9500031502016129,0.828125,0.10369347545219638,0.16045704134366925,0.18642792105674744,0.06217549461621142,0.4928571428571429,0.7016225961538461,0.8846153846153845,0.7857142857142857,0.22843769120845314,0.3613563236072425,0.29859994794242084
181,0.001607208512723446,0.17312876880168915,2.0,1.0,0.4708099961280823,0.0016072084836196154,0.0030434601358138025,0.0013028624234721065,0.9994358420372009,0.015625,0.30312500000000003,0.9762153130073052,0.9986112520292207,0.96875,0.2168919909109477,0.3765982434640523,0.31451353430747986,0.008991236883129236,,,,,,,
182,0.007029262371361256,0.16687440872192383,2.0,1.0,0.9005559682846069,0.007029261876596138,0.021821403759531677,0.004847120842896402,0.9995549246668816,0.015625,0.453125,0.919586181640625,0.979736328125,0.921875,0.27428335453003877,0.4624630393581851,0.36624202132225037,0.05676945667348846,,,,,,,
183,0.0016324063763022423,0.2159452587366104,2.0,1.0,1.2319097518920898,0.0016324065218213946,-0.0015564298955723643,0.0017880495288409293,0.9995548725128174,0.015625,0.36562500000000003,0.8962151943108975,0.9754857772435898,0.890625,0.258304483251634,0.38417585784313724,0.3479260206222534,0.095029202154583,,,,,,,
184,-3.734603524208069e-07,0.16296738386154175,2.0,1.0,0.2842724323272705,-3.7334393709897995e-07,0.0,-3.7334393709897995e-07,0.9993932743867239,0.015625,0.565625,1.0,1.0,1.0,0.2899681712962963,0.4115162037037037,0.3899681866168976,0.1359975499640646,,,,,,,
185,-6.299745291471481e-05,0.17370621860027313,2.0,1.0,1.2218360900878906,-6.299756933003664e-05,0.0014860106748528779,-0.00021159864263609052,0.999488216638565,0.015625,0.503125,0.9357735993661287,0.9910110641311813,0.9375,0.19822798570736433,0.28712451550387597,0.29180535674095154,0.05007981014327706,,,,,,,
186,0.006163368001580238,0.17060929536819458,2.0,1.0,2.02307391166687,0.006163367856061086,-0.0016239142278209329,0.006325759022729471,0.9995256587862968,0.015625,0.30625,0.9426297929975298,0.9947440255057443,0.9375,0.16928788807189543,0.2790185866013072,0.26355087757110596,0.06427790874645409,,,,,,,
187,0.0007309934590011835,0.11646050214767456,2.0,1.0,2.1979973316192627,0.000730993488105014,0.006309804564807564,0.0001000129705062136,0.9993941883246104,0.015625,0.603125,0.93955078125,0.994140625,0.921875,0.1447768895348837,0.22870639534883722,0.23873195052146912,0.08668901110430335,,,,,,,
188,0.0038245278410613537,0.15712743997573853,2.0,1.0,0.8153872489929199,0.0038245283212745562,0.017413075896911323,0.0020832207519561052,0.9995224297046661,0.015625,0.440625,0.8828363021812343,0.9698217712249373,0.875,0.2637945006127451,0.45029105392156865,0.3520781099796295,0.13096116691706813,,,,,,,
189,0.0007292360533028841,0.13239431381225586,2.0,1.0,1.1750409603118896,0.0007292360533028841,-0.0008046682924032211,0.0008097027894109488,0.9992950161298116,0.015625,0.515625,0.9569905598958334,0.9998372395833334,0.984375,0.23794052810077518,0.34385631998277344,0.33363959193229675,0.09259523415516273,,,,,,,
190,-0.0008405118715018034,0.1878650188446045,2.0,1.0,1.0596081018447876,-0.0008405118569498882,0.004697212018072605,-0.0013102331140544266,0.9994933381676674,0.015625,0.44375000000000003,0.9522618817544353,0.9965475270177411,0.9375,0.3531492163506969,0.49713517058429796,0.4483754336833954,0.12258086520031863,0.3892857142857143,0.5591413608712715,0.8180386577708006,0.7142857142857143,0.14002248632010944,0.28736985104119167,0.19593662120002722
191,0.0023469123989343643,0.2131630927324295,2.0,1.0,3.9643967151641846,0.002346912573557347,-0.0009848683257587254,0.002445399295538664,0.9995569705963134,0.015625,0.38125,0.9641770582932693,0.9973332331730769,0.953125,0.19478053038075696,0.28882713938288496,0.2911982536315918,0.05280941781069882,,,,,,,
192,-0.0016151806339621544,0.20460256934165955,2.0,1.0,0.8114710450172424,-0.0016151806339621544,0.002270132943522185,-0.001842194062191993,0.9996196269989014,0.015625,0.403125,0.9274665497258995,0.991116198903598,0.90625,0.31230282065763054,0.46933463018741634,0.40504947304725647,0.15395098554829592,,,,,,,
193,-4.700117278844118e-05,0.22527025640010834,2.0,1.0,0.7889991402626038,-4.7001369239296764e-05,-0.0001003495417535305,-3.6966579500585794e-05,0.9995513260364532,0.015625,0.36875,0.936035796764995,0.9933436265131053,0.9375,0.3543032767612859,0.5969429244566044,0.44790685176849365,0.09620516621608985,,,,,,,
194,-0.001625317265279591,0.20796608924865723,2.0,1.0,2.2593624591827393,-0.0016253174981102347,-0.001556663541123271,-0.0014696509460918605,0.9993842422962189,0.015625,0.49062500000000003,0.9509899366947643,0.991459746779057,0.9375,0.27346342054263567,0.44503391472868215,0.36856240034103394,0.05138634422053852,,,,,,,
195,-0.0011535721132531762,0.19961868226528168,2.0,1.0,1.075644612312317,-0.0011535722151165828,-0.001465005916543305,-0.0010070716962218285,0.9994975626468658,0.015625,0.384375,0.9501222167236694,0.9958013668946777,0.9375,0.2758295036764706,0.44613970588235297,0.37084174156188965,0.1011440677354165,,,,,,,
196,0.01617196761071682,0.13569171726703644,2.0,1.0,0.9604527950286865,0.016171967174159363,0.04797053191578016,0.011374913330655545,0.9994632229208946,0.03125,0.378125,0.9005126953125,0.96337890625,0.921875,0.17374762739398086,0.30181792920656636,0.26379889249801636,0.025342247929011005,,,,,,,
197,0.005951688624918461,0.1676950454711914,2.0,1.0,1.0318020582199097,0.005951688246568665,0.01937538612401113,0.004014149715658277,0.9995653390884399,0.015625,0.471875,0.9270589192708333,0.98369140625,0.9375,0.16657114018087857,0.2959706072351421,0.2592770457267761,0.040758208948198434,,,,,,,
198,0.0019258433021605015,0.14896772801876068,2.0,1.0,0.6814155578613281,0.0019258431566413492,-0.0005359542556107044,0.0019794385007116944,0.9994919747114182,0.015625,0.403125,0.9033704708784055,0.9884818835136218,0.875,0.19548016415868674,0.36868801299589604,0.2858172059059143,0.0690754263818582,,,,,,,
199,-5.784444510936737e-06,0.17784957587718964,2.0,1.0,1.2313164472579956,-5.784255336038768e-06,0.00021946313790977,-2.773050800897181e-05,0.999473437666893,0.015625,0.39687500000000003,0.9638582910081647,0.9960581640326586,0.953125,0.30459152701778386,0.47486747606019153,0.40097737312316895,0.0982465222456929,,,,,,,
200,0.0015438476111739874,0.18966460227966309,2.0,1.0,1.5300979614257812,0.0015438476984854788,0.0033521592849865556,0.001208631758345291,0.999519906938076,0.015625,0.371875,0.9774634621360085,0.9999112215909091,0.984375,0.1655457679798652,0.28868174368987576,0.263292133808136,0.02527005451698659,0.44642857142857145,0.8009239129296769,0.9224456517187082,0.8571428571428571,0.22739182707966907,0.3813485277832063,0.30748421752027105
201,-7.926137186586857e-07,0.22300958633422852,2.0,1.0,1.2217079401016235,-7.927301339805126e-07,0.000779762165620923,-7.876887684687972e-05,0.9994914432366689,0.015625,0.43125,0.9024872916409469,0.9859908332304543,0.875,0.2285295305137559,0.4023049190606475,0.31877827644348145,0.10102483547630925,,,,,,,
202,0.003472935175523162,0.16991405189037323,2.0,1.0,1.2472409009933472,0.00347293505910784,0.004516410321230069,0.003021294338395819,0.9993859753012657,0.015625,0.5375,0.9515294082118573,0.9936176328474292,0.9375,0.2502256944444444,0.3866625816993464,0.3453786373138428,0.12518863810213504,,,,,,,
203,0.013796955347061157,0.20566798746585846,2.0,1.0,3.1084372997283936,0.01379695677314885,0.034909882699139416,0.010305967676686123,0.9995896986552647,0.03125,0.371875,0.8206763174019608,0.9252833946078431,0.828125,0.36172250128248973,0.6581790783173734,0.44379013776779175,0.03822995459395874,,,,,,,
204,0.006195542402565479,0.1963994950056076,2.0,1.0,1.7662721872329712,0.006195542577188462,0.02346631558611989,0.0038489106518682092,0.9994370117783546,0.015625,0.528125,0.9301077657315734,0.981303458759627,0.9375,0.17881741898148149,0.28171296296296294,0.27182820439338684,0.03399702255635472,,,,,,,
205,0.008022296242415905,0.18180948495864868,2.0,1.0,0.8382952809333801,0.00802229653345421,0.02024159044958651,0.005998137465212494,0.999571830034256,0.015625,0.425,0.863895258414435,0.9773909294910735,0.890625,0.2807968239379085,0.49293300653594774,0.36718636751174927,0.10401733090638887,,,,,,,
206,0.004277082160115242,0.2142839878797531,2.0,1.0,2.899184465408325,0.004277081927284598,0.013562410953454673,0.002920840634033084,0.9995396782954534,0.015625,0.565625,0.8414723651009317,0.9449910229037267,0.828125,0.2224637003897945,0.33152010830600104,0.30661094188690186,0.13513863642153778,,,,,,,
207,-0.0007862134953029454,0.21716853976249695,2.0,1.0,0.6816855072975159,-0.0007862135389586911,-0.0015519196167588234,-0.0006310214957920834,0.9995434403419494,0.015625,0.46875,0.9392285724018895,0.9928517896075582,0.921875,0.1526875,0.2721656976744186,0.2466103732585907,0.09842970355075131,,,,,,,
208,0.014407546259462833,0.13485051691532135,2.0,1.0,0.7138155698776245,0.014407545852009207,0.025992275797761977,0.011808317911345512,0.9994257787863413,0.015625,0.515625,0.9651041666666667,0.9853515625,0.984375,0.3652870746409029,0.550858199384405,0.4617975354194641,0.05445646359056269,,,,,,,
209,0.0025147751439362764,0.1955387443304062,2.0,1.0,0.564475417137146,0.0025147750056930818,0.0021269447752274573,0.0023020806402200833,0.999448835849762,0.015625,0.509375,0.9389619062291109,0.9902226249164439,0.921875,0.29744024033224403,0.49163943355119827,0.39133644104003906,0.13488495577652646,,,,,,,
210,0.001796717755496502,0.22078733146190643,2.0,1.0,0.8843337893486023,0.0017967181374842767,-2.370509901084006e-05,0.0017990885535255075,0.9994453564286232,0.015625,0.38125,0.9875662667410714,0.9971400669642857,0.984375,0.2195763888888889,0.33819444444444446,0.3183330297470093,0.07813428523434203,0.4142857142857143,0.8063616071428571,0.9095982142857143,0.8928571428571429,0.24542079785822987,0.41045744276042356,0.326056957111827
211,0.0015352596528828144,0.18818947672843933,2.0,1.0,0.6069526076316833,0.0015352595073636621,0.00035737769212573767,0.0014995216042734683,0.9993915185332298,0.015625,0.425,0.9504141971982759,0.9969692887931034,0.9375,0.24911514857881137,0.44896640826873385,0.34415656328201294,0.08374354965974562,,,,,,,
212,0.011681375093758106,0.17913320660591125,2.0,1.0,1.9094120264053345,0.011681374489853624,0.0426240541273728,0.0074189691877109,0.9995145976543427,0.015625,0.35625,0.9252137301260965,0.9830814830043859,0.96875,0.16357871162030704,0.3300730781653747,0.2561000883579254,0.04842238688789902,,,,,,,
213,0.004191292449831963,0.23744991421699524,2.0,1.0,1.2098517417907715,0.004191292675386649,0.01496312825474888,0.0026949796156259254,0.9995653842176709,0.015625,0.371875,0.9036259969075521,0.99169921875,0.890625,0.2579079861111111,0.4248927696078431,0.34827062487602234,0.14273939029971758,,,,,,,
214,0.002712578047066927,0.16720016300678253,2.0,1.0,1.2998170852661133,0.002712578141654376,0.018600677547510713,0.0008525100711267442,0.9994080662727356,0.015625,0.36875,0.9320237379807692,0.9951416452370304,0.9375,0.09373566817715458,0.16372798392612858,0.18693804740905762,0.04612669692990015,,,,,,,
215,0.004183110781013966,0.17322373390197754,2.0,1.0,2.253000497817993,0.004183111363090575,0.0,0.004183111363090575,0.9994693756103515,0.015625,0.5125,1.0,1.0,1.0,0.28641472868217055,0.43755652454780364,0.3864147365093231,0.07038829461620716,,,,,,,
216,0.00030212802812457085,0.1539754569530487,2.0,1.0,0.5057110786437988,0.0003021281154360622,0.0,0.0003021281154360622,0.9993287722269694,0.015625,0.565625,1.0,1.0,1.0,0.20249223292151164,0.31676356589147286,0.3024922311306,0.10375194432466786,,,,,,,
217,-0.000745121855288744,0.21024832129478455,2.0,1.0,0.6151185631752014,-0.0007451217970810831,7.883092621341348e-05,-0.0007530046859756112,0.9995141625404358,0.015625,0.4375,0.9514404541739573,0.993261816695829,0.9375,0.4157090524518274,0.6694168760655939,0.510853111743927,0.07396921596748825,,,,,,,
218,-0.0006589095573872328,0.18569451570510864,2.0,1.0,0.5015904307365417,-0.0006589094846276566,0.0034819032298401,-0.0010070997232105583,0.9995446354150772,0.015625,0.49062500000000003,0.9383328861893315,0.9924684495192307,0.921875,0.303140233128135,0.4474029582763338,0.39697352051734924,0.10354209903139437,,,,,,,
219,0.0002617000136524439,0.19534866511821747,2.0,1.0,1.658409833908081,0.00026169995544478297,0.0012129198003094643,0.00014040805399417877,0.9995098859071732,0.015625,0.36875,0.9877726236979166,0.9979654947916666,0.984375,0.19349004535298056,0.3306381161902512,0.2922672927379608,0.10111395425856508,,,,,,,
220,0.0030188243836164474,0.24013268947601318,2.0,1.0,0.6428526639938354,0.0030188246892066672,0.0008016854990273714,0.002938656252808869,0.9995900349957603,0.015625,0.359375,0.9520003255208334,0.9955013020833333,0.9375,0.2939893280228758,0.49259599673202614,0.38918936252593994,0.12552427749999115,0.5392857142857144,0.8975917271205357,0.9676339285714286,0.9285714285714286,0.2435699796286311,0.41901952314501967,0.33332915298108545
221,-0.001423538546077907,0.19707542657852173,2.0,1.0,0.5365518927574158,-0.001423538662493229,-0.003583376237656921,-0.0010652010969351977,0.9993986561894417,0.015625,0.440625,0.9518213106815306,0.9958269093927894,0.9375,0.27830060490766073,0.4546587627298982,0.37348273396492004,0.08198137873599984,,,,,,,
222,-0.001858156407251954,0.2368241399526596,2.0,1.0,1.458064317703247,-0.0018581565818749368,0.008394465316087008,-0.002697602816624567,0.9996095895767212,0.015625,0.39687500000000003,0.8645282605192289,0.9871820524935823,0.890625,0.17964629289215686,0.31168811274509806,0.26609909534454346,0.05127679623054882,,,,,,,
223,0.012290620245039463,0.23237557709217072,2.0,1.0,1.0136516094207764,0.012290619633859023,0.021500869770534337,0.010140533093363047,0.9995776365200678,0.015625,0.41875,0.9209108403659759,0.9814949239639037,0.921875,0.2896358762254902,0.44862132352941175,0.3817269504070282,0.10993499689039249,,,,,,,
224,-6.569502875208855e-05,0.28809788823127747,2.0,1.0,1.1105841398239136,-6.5694643126335e-05,0.00149905957368901,-0.00021560053573921323,0.9995745321114858,0.015625,0.40625,0.9875759548611112,0.9971788194444444,0.984375,0.2944579129616963,0.4513476829685362,0.393215537071228,0.0892169706713633,,,,,,,
225,-0.0002254461869597435,0.1629571169614792,2.0,1.0,0.5901817083358765,-0.00022544615785591304,0.001157408201834187,-0.0003411868819966912,0.9993511065840721,0.015625,0.56875,0.9876505533854166,0.9974772135416666,0.984375,0.2340184417274662,0.42004887710898314,0.3327834904193878,0.017623418412040213,,,,,,,
226,0.0009537285659462214,0.17838086187839508,2.0,1.0,0.5362705588340759,0.0009537284277030267,0.00012860109563916922,0.0009408683981746435,0.9994923710823059,0.015625,0.515625,0.9759440104166667,0.998046875,0.96875,0.22729905036813922,0.30521803308003254,0.3248934745788574,0.16239643632327458,,,,,,,
227,-0.00021171290427446365,0.15986500680446625,2.0,1.0,0.8188737034797668,-0.00021171325352042913,1.0020565241575241e-05,-0.00021271547302603722,0.9994714930653572,0.015625,0.4125,0.9592246859681373,0.9952320772058824,0.953125,0.12073499910494692,0.1702748007534012,0.21665745973587036,0.04150301537733702,,,,,,,
228,0.002844780683517456,0.2071441411972046,2.0,1.0,1.2450623512268066,0.002844780625309795,0.0012173494906164706,0.002723045938182622,0.9994420632719994,0.015625,0.3875,0.9216878255208333,0.9951497395833333,0.9375,0.39993954248366015,0.5471354166666667,0.4921083450317383,0.15346382710597042,,,,,,,
229,-0.0005536680109798908,0.14169390499591827,2.0,1.0,0.7448980808258057,-0.0005536679964279756,-0.0020419919746927917,-0.000349468580679968,0.999349425236384,0.015625,0.409375,0.9315237862723215,0.9911993117559523,0.921875,0.1592243688092162,0.26302554371231696,0.2523767650127411,0.05473608051449894,,,,,,,
230,-0.002647530287504196,0.18317265808582306,2.0,1.0,1.644026756286621,-0.00264753052033484,-0.0025248948368243873,-0.0023950409376993775,0.9994933530688286,0.015625,0.46875,0.9396251248237782,0.9928754992951128,0.921875,0.2561451671511628,0.46754125341997266,0.35010766983032227,0.07984742600683352,0.5214285714285715,0.8012462797619048,0.9226190476190476,0.8571428571428571,0.26531347296553814,0.41556565654187333,0.34543810066367897
231,0.001045511569827795,0.19595345854759216,2.0,1.0,2.3856096267700195,0.0010455113369971514,0.0006229646969586611,0.0009832150535658002,0.999546562631925,0.015625,0.38125000000000003,0.9027994647758252,0.9861978591033009,0.875,0.22617171832755859,0.33929369438538465,0.31645166873931885,0.10967565401175378,,,,,,,
232,0.007360790856182575,0.21040353178977966,2.0,1.0,1.1821414232254028,0.007360790623351932,0.022819716949015856,0.005078818590845913,0.9995648435183934,0.015625,0.42812500000000003,0.9068844137932722,0.9779933843397557,0.90625,0.35105247995516037,0.5640926622587019,0.4417409300804138,0.05247881215334251,,,,,,,
233,0.00016449019312858582,0.2146524339914322,2.0,1.0,1.4473241567611694,0.0001644898729864508,-0.0005454720230773091,0.00021903720335103571,0.9995387593905131,0.015625,0.40625,0.8122811341897035,0.9622755784254807,0.828125,0.23116504544526145,0.4159658394607843,0.3123931586742401,0.09987845806091263,,,,,,,
234,0.008032932877540588,0.2155567854642868,2.0,1.0,3.1455934047698975,0.00803293357603252,0.016319950809702277,0.006400937796570361,0.9995388899530683,0.015625,0.409375,0.7573930109886716,0.9377751689546866,0.78125,0.26745086995554035,0.41038068570451436,0.34319016337394714,0.14589669804525207,,,,,,,
235,7.394689600914717e-05,0.24858400225639343,2.0,1.0,0.5289977788925171,7.394693966489285e-05,0.000602773274295032,1.3669603504240513e-05,0.999495287736257,0.015625,0.359375,0.9754970501700302,0.9957382006801209,0.96875,0.15114289073187415,0.23537213577291383,0.2486926019191742,0.04563178221097397,,,,,,,
236,0.0027468183543533087,0.21633881330490112,2.0,1.0,3.1150336265563965,0.002746818121522665,-0.002429280197247863,0.002989746135426685,0.9994995355606079,0.015625,0.4375,0.951904296875,0.9951171875,0.9375,0.3485690406976744,0.5196220930232558,0.4437595009803772,0.10451333693755639,,,,,,,
237,-0.0007352135144174099,0.20376147329807281,2.0,1.0,0.7163741588592529,-0.0007352134998654947,-0.0037214377953205258,-0.00036306967376731336,0.999384842813015,0.015625,0.45,0.9502522786458333,0.99111328125,0.9375,0.21845586097811218,0.3507171255129959,0.31348109245300293,0.09832911112695658,,,,,,,
238,0.004045446868985891,0.1839333176612854,2.0,1.0,0.7818102836608887,0.00404544681077823,0.01975012314505875,0.0020704346825368702,0.9994917154312134,0.015625,0.4375,0.8689290364583333,0.9755859375,0.921875,0.19577752246732028,0.3151807598039216,0.28267043828964233,0.10870866867653564,,,,,,,
239,0.006867980118840933,0.20680943131446838,2.0,1.0,1.4566190242767334,0.006867980293463916,0.019600635045208037,0.004907916416414082,0.9995034262537956,0.015625,0.390625,0.8961181640625,0.97607421875,0.890625,0.15911143410852713,0.2530281007751938,0.24872325360774994,0.032214619979166394,,,,,,,
240,-0.000662307720631361,0.22741732001304626,2.0,1.0,0.8033063411712646,-0.0006623081862926483,-0.003254773677326739,-0.00033683073706924915,0.9994496777653694,0.015625,0.384375,0.91348388671875,0.989873046875,0.890625,0.35078149581053353,0.5125680432056543,0.442129909992218,0.10936557520802855,0.3892857142857143,0.7692920918367346,0.9131058673469388,0.8392857142857143,0.1946618827763664,0.36688163637548044,0.27159109166158096
241,0.0027067000046372414,0.1492432802915573,2.0,1.0,0.8082178235054016,0.0027066998154623434,-0.0019906798261217773,0.0029057677602395415,0.9993985220789909,0.015625,0.571875,0.9518718131783963,0.9949872527135855,0.9375,0.32384078054298643,0.46865808823529415,0.4190279543399811,0.13245611059134907,,,,,,,
242,0.0013163103722035885,0.24219128489494324,2.0,1.0,1.2260767221450806,0.0013163105104467832,0.000737373746233061,0.0012425730819813907,0.9994976371526718,0.015625,0.40625,0.963601740398163,0.9950319615926522,0.953125,0.1911215277777778,0.2791666666666667,0.2874816954135895,0.08050380191712499,,,,,,,
243,-0.0020712849218398333,0.22141510248184204,2.0,1.0,1.424161434173584,-0.0020712851255666465,-0.004787465542904101,-0.001592538392287679,0.9994844198226929,0.015625,0.484375,0.9095735360017586,0.9925654423701299,0.921875,0.10972430300245098,0.15167738970588235,0.2006816565990448,0.043693842649602514,,,,,,,
244,-0.00017720588948577642,0.1637064665555954,2.0,1.0,0.6921652555465698,-0.00017720594769343734,-0.0015721615345682949,-1.998982043005526e-05,0.9992987737059593,0.015625,0.528125,0.975921630859375,0.9974365234375,0.96875,0.3106186194847791,0.4330901410017636,0.408210813999176,0.13411276819517304,,,,,,,
245,-0.0005497313104569912,0.19574908912181854,2.0,1.0,0.6999890804290771,-0.0005497312085935846,0.003144576388876885,-0.0008641890017315745,0.9995012700557708,0.015625,0.3875,0.9523540296052632,0.9969161184210527,0.9375,0.1031217830882353,0.18488051470588235,0.19835717976093292,0.04263280839614037,,,,,,,
246,0.0014450695598497987,0.2326837033033371,2.0,1.0,1.3932533264160156,0.001445069327019155,0.0011431454331614077,0.0013307547778822482,0.9992391020059586,0.015625,0.453125,0.9517427597963402,0.9944710391853607,0.9375,0.26593353585983814,0.3574579450239398,0.36110782623291016,0.06797965553879091,,,,,,,
247,0.006596782244741917,0.1638268232345581,2.0,1.0,6.968588829040527,0.006596782666747458,0.013972183340229094,0.005199564446229488,0.9994203448295593,0.015625,0.425,0.9552485148111979,0.991241455078125,0.96875,0.2271056655765504,0.3646908309108527,0.32263049483299255,0.061382653408712226,,,,,,,
248,0.006024906877428293,0.19430042803287506,2.0,1.0,4.233114719390869,0.006024907488608733,0.020314327557571232,0.003993474907474592,0.999378576874733,0.015625,0.4625,0.9203956376554161,0.9794341131216645,0.921875,0.11058959182317506,0.18536775779588943,0.20262914896011353,0.057560807415385926,,,,,,,
249,-0.0002326762769371271,0.23710431158542633,2.0,1.0,0.5315799117088318,-0.00023267649157787673,0.003872156172292307,-0.0006198922055773437,0.9995665039334979,0.015625,0.425,0.9787521362304688,0.9990234375,0.984375,0.21486048649110806,0.4364622520519836,0.3127356767654419,0.061502647324736995,,,,,,,
250,-0.0019459719769656658,0.17981328070163727,2.0,1.0,1.576593041419983,-0.0019459715986158699,-0.0022739600390195847,-0.001718575571430847,0.9995519995689393,0.015625,0.38125,0.8890441452265954,0.9868406434063817,0.875,0.28507434996770026,0.4919063913113695,0.37397876381874084,0.11164552926479343,0.5035714285714287,0.8875438456632653,0.966470025510204,0.9107142857142857,0.22251271361257682,0.38481993572622847,0.31126709415444304
251,-0.0005263572093099356,0.2477346956729889,2.0,1.0,0.5914773344993591,-0.0005263574130367488,0.001411623612511903,-0.0006675198092125356,0.9994491040706635,0.015625,0.49062500000000003,0.975635537022762,0.9962921480910477,0.96875,0.3103017769607843,0.4759548611111111,0.40786534547805786,0.16195889298710975,,,,,,,
252,-0.0016423757188022137,0.17208027839660645,2.0,1.0,0.8803659081459045,-0.0016423756023868918,-3.4194730687886477e-05,-0.0016389561351388693,0.9992480650544167,0.015625,0.6,0.9279931931268601,0.9932227725074405,0.90625,0.13188789970930231,0.20324921150630793,0.22468721866607666,0.03546391734138379,,,,,,,
253,-0.0009130602120421827,0.19069427251815796,2.0,1.0,2.1232504844665527,-0.0009130601974902675,-0.00016819429583847523,-0.0008962407300714403,0.9993474086125692,0.015625,0.4375,0.9762620192307693,0.9987980769230769,0.96875,0.262234631497948,0.42540398426812587,0.3598608076572418,0.06595171364149094,,,,,,,
254,0.00032689981162548065,0.1982775181531906,2.0,1.0,0.7776092290878296,0.0003268997243139893,-1.6647449228912592e-05,0.000328564434312284,0.9991942271590233,0.015625,0.5,0.9642289419022817,0.997540767609127,0.953125,0.2902299266605867,0.46315335727314183,0.3866528570652008,0.07134786814374267,,,,,,,
255,-0.0009816152742132545,0.19974802434444427,2.0,1.0,4.135599136352539,-0.000981615186901763,0.0005356197070796043,-0.0010351773526053876,0.9993809700012207,0.015625,0.384375,0.9760520241477273,0.9979580965909091,0.96875,0.1513328488372093,0.26954941860465115,0.24893803894519806,0.04047317445727079,,,,,,,
256,0.006250848062336445,0.17932748794555664,2.0,1.0,2.8864288330078125,0.006250848353374749,0.025190529297105968,0.0037317954120226204,0.999460756778717,0.015625,0.478125,0.9321971552964312,0.9808068503523915,0.9375,0.08333445194938441,0.12936687756497947,0.17655417323112488,0.04722044209621171,,,,,,,
257,0.0005980529822409153,0.20039603114128113,2.0,1.0,1.856303095817566,0.0005980530404485762,-0.0005320566706359386,0.0006512588006444275,0.9994361698627472,0.015625,0.49375,0.988037109375,0.9990234375,0.984375,0.35529804438126994,0.6174366058196534,0.4541017711162567,0.10835661773826238,,,,,,,
258,0.000653411727398634,0.16102445125579834,2.0,1.0,1.7752397060394287,0.0006534118656418286,-0.0019856010912917554,0.0008519719704054296,0.9994780719280243,0.015625,0.471875,0.915245736522592,0.989107946090368,0.890625,0.2759826008891929,0.4726273939808482,0.3675071597099304,0.04703166730857738,,,,,,,
259,-0.0006978033343330026,0.20278780162334442,2.0,1.0,1.0263278484344482,-0.0006978036253713071,-0.0009053567191585898,-0.0006072680844226852,0.9994142532348633,0.015625,0.446875,0.9445571115365613,0.9969784461462451,0.96875,0.14172880923202616,0.2551572712418301,0.2361845225095749,0.055938124279868856,,,,,,,
260,0.013079776428639889,0.15632231533527374,2.0,1.0,1.500012993812561,0.013079776108497754,0.024126130854710937,0.010667162656318396,0.9995332881808281,0.015625,0.559375,0.9077370171910438,0.9756746312641752,0.90625,0.34277152267156863,0.5154986213235294,0.43354523181915283,0.14598257637655743,0.43571428571428567,0.8503311501409775,0.9403871005639097,0.8928571428571429,0.2272299387603178,0.3605049015029567,0.3122630534427507
261,0.01340747531503439,0.1736462116241455,2.0,1.0,0.7101093530654907,0.013407475154963322,0.02627025789115578,0.010780448821606115,0.9995031580328941,0.015625,0.44375,0.9076979836078838,0.9781226635982017,0.90625,0.24050683362153585,0.3566528368375463,0.33127665519714355,0.13398953459136395,,,,,,,
262,0.005201250314712524,0.13922594487667084,2.0,1.0,0.4987196922302246,0.005201249994570389,0.02544674021191895,0.00265657581621781,0.9993600249290466,0.015625,0.31875,0.9375,0.9853515625,0.984375,0.07357442638199858,0.16055324238128987,0.16732443869113922,0.0315255550690355,,,,,,,
263,-0.002328357892110944,0.22774536907672882,2.0,1.0,1.2441301345825195,-0.0023283580085262656,0.00017689133528620005,-0.0023460471420548856,0.9995297789573669,0.015625,0.38125000000000003,0.9515019309533024,0.9935077238132095,0.9375,0.27952902028867105,0.46034007352941175,0.37467920780181885,0.11452111404787142,,,,,,,
264,0.005491999909281731,0.19175316393375397,2.0,1.0,0.864621102809906,0.005492000593221746,0.017307141330093145,0.0037612863234244287,0.9994095265865326,0.015625,0.39687500000000003,0.9326823841441761,0.9963545365767046,0.953125,0.23590559806771547,0.3941988714090287,0.32917383313179016,0.08136131351495679,,,,,,,
265,-0.0014689275994896889,0.18636250495910645,2.0,1.0,1.61105477809906,-0.0014689271338284016,-0.0037244033301249146,-0.0010964868124574423,0.999469518661499,0.015625,0.490625,0.9281560724431818,0.9938742897727273,0.90625,0.29974022932816535,0.4044169896640827,0.392555832862854,0.09075200976024267,,,,,,,
266,0.012198839336633682,0.2504447400569916,2.0,1.0,1.4668571949005127,0.012198839889606461,0.04376038885675371,0.007822800951544195,0.9993571564555168,0.03125,0.35000000000000003,0.8728678385416667,0.9658203125,0.890625,0.14048240851573188,0.23548328488372094,0.22776919603347778,0.060442418397399465,,,,,,,
267,0.007528685964643955,0.12561841309070587,2.0,1.0,0.733680009841919,0.007528685848228633,0.024807453039102256,0.005047940299846232,0.9993391633033752,0.015625,0.446875,0.950927734375,0.984375,0.96875,0.13137087109553125,0.26739756706946344,0.22646364569664001,0.01099399660075472,,,,,,,
268,0.001476968522183597,0.2284834384918213,2.0,1.0,1.2159560918807983,0.0014769688132219017,0.0030870878836140037,0.0011682601762004197,0.9995871484279633,0.015625,0.378125,0.9439163208007812,0.99609375,0.9375,0.27331841282280284,0.46093538397777156,0.36771005392074585,0.03720136542560499,,,,,,,
269,0.00016647903248667717,0.16566279530525208,2.0,1.0,1.6502468585968018,0.00016647882875986397,-0.0003571160777937621,0.0002021904510911554,0.9994090646505356,0.015625,0.440625,0.9878342848557692,0.9997746394230769,0.984375,0.27821044389978217,0.43859783496732024,0.376993864774704,0.09438882105494203,,,,,,,
270,0.0005329495761543512,0.15657156705856323,2.0,1.0,1.4086683988571167,0.0005329496052581817,0.0006118438031990081,0.00047176529187709093,0.9993458241224289,0.015625,0.42812500000000003,0.988037109375,0.9990234375,0.984375,0.15622380514705883,0.2715073529411765,0.25502753257751465,0.054882522341947765,0.4321428571428572,0.75,0.8828125,0.875,0.22515004415420786,0.3893128879925931,0.30015004173453363
271,0.0004714597016572952,0.20366156101226807,3.0,1.0,0.7088955044746399,0.00047145981807261705,-0.0003883439057972282,0.0005102939321659505,0.99937454611063,0.015625,0.390625,0.9876505533854166,0.9974772135416666,0.984375,0.20975505514705883,0.3187040441176471,0.30852010846138,0.05660202201819819,,,,,,,
272,0.007058377377688885,0.12804186344146729,3.0,1.0,0.6302953958511353,0.007058377195789944,0.02079036016948521,0.004979341727448627,0.9993438571691513,0.015625,0.303125,0.8861721240716681,0.9830729166666666,0.9375,0.17517046871437528,0.31688219619243047,0.2637876868247986,0.05859752659161735,,,,,,,
273,4.9833906814455986e-05,0.22319529950618744,3.0,1.0,1.4167739152908325,4.983379039913416e-05,-0.0004452666034922004,9.436032269150019e-05,0.9993515685200691,0.015625,0.459375,0.962163317837441,0.9939657713497639,0.953125,0.3264700966142271,0.4844701179890561,0.42268645763397217,0.09339686441303405,,,,,,,
274,0.001383516239002347,0.2545023262500763,3.0,1.0,1.3013415336608887,0.0013835160934831947,-8.498126408085227e-05,0.0013920142082497478,0.9994604110717773,0.015625,0.409375,0.9522535175296432,0.9965140701185727,0.9375,0.297686989379085,0.44138922930283225,0.3929123282432556,0.10567849776890598,,,,,,,
275,-0.00018259999342262745,0.16710053384304047,3.0,1.0,0.6925234794616699,-0.00018260005163028836,0.008236261317506433,-0.0010062262008432299,0.9995002970099449,0.015625,0.475,0.9162252056799599,0.9930258227198397,0.890625,0.3539263684640523,0.5112506808278867,0.4455488920211792,0.16815260008966584,,,,,,,
276,0.005749066360294819,0.13260908424854279,3.0,1.0,0.5111035704612732,0.0057490662729833275,0.022666714154183865,0.0034823949390556663,0.9994577864805857,0.015625,0.575,0.9087300588878559,0.9796467980514233,0.90625,0.16290073529411764,0.3210018382352941,0.2537737488746643,0.10373404492291975,,,,,,,
277,0.007564231287688017,0.21953770518302917,3.0,1.0,3.9067749977111816,0.007564230298157781,0.023940509650856256,0.005170179210836068,0.9996115693024227,0.015625,0.36875,0.9079083398119623,0.9763599217478494,0.90625,0.3919270833333333,0.6675704656862745,0.48271796107292175,0.0640773806459129,,,,,,,
278,0.00044442026410251856,0.18319326639175415,3.0,1.0,0.730026125907898,0.0004444202786544338,0.00014143408043310046,0.0004302768502384424,0.9993199110031128,0.015625,0.403125,0.9643147786458334,0.9978841145833334,0.953125,0.12924952975376197,0.2023640560875513,0.22568100690841675,0.023384861915426377,,,,,,,
279,-0.0029939552769064903,0.23821251094341278,3.0,1.0,1.8113762140274048,-0.002993955000420101,0.0013972659944556653,-0.003133681369945407,0.9995134217398507,0.015625,0.540625,0.915771484375,0.9912109375,0.890625,0.3891686046511628,0.548110465116279,0.480745792388916,0.05484164012460034,,,,,,,
280,-0.001956807915121317,0.19098402559757233,3.0,1.0,1.9772294759750366,-0.0019568078860174865,-0.0009342019038740546,-0.001863387762568891,0.9994675815105438,0.015625,0.371875,0.9753669792121941,0.9952179168487763,0.96875,0.24561627906976743,0.3762142684108527,0.3431529700756073,0.08341714523439481,0.39999999999999997,0.8431692182647516,0.9307125873447204,0.9107142857142857,0.23415522727023003,0.4118787916305964,0.31847214831837584
281,-8.992454968392849e-05,0.21173317730426788,3.0,1.0,1.8854938745498657,-8.992431685328484e-05,0.005411428399384022,-0.0006310670869424939,0.9995477845271429,0.015625,0.48125,0.96875,1.0,1.0,0.19523909613316467,0.34937965353204886,0.29211410880088806,0.06846504900067252,,,,,,,
282,-0.0009414022788405418,0.21560218930244446,3.0,1.0,0.619725227355957,-0.0009414018713869154,-0.000454567139968276,-0.0008959451515693218,0.9994570851325989,0.015625,0.45625,0.9519919655539772,0.9954678622159091,0.9375,0.2513438904207516,0.3696627348856209,0.3465430736541748,0.1370589139321961,,,,,,,
283,0.005743140354752541,0.19965150952339172,3.0,1.0,0.7880674004554749,0.005743141024140641,0.02873041736893356,0.002870099211577326,0.9995259642601013,0.015625,0.546875,0.9161148071289062,0.9814453125,0.921875,0.2856650316210121,0.4032793923642587,0.3772765100002289,0.14028092234465697,,,,,,,
284,0.006166177801787853,0.19868053495883942,3.0,1.0,1.0730534791946411,0.006166177678096574,0.027837815461680293,0.003382396069355309,0.9994617700576782,0.015625,0.534375,0.909388508143391,0.9796764284068972,0.921875,0.2559839154411765,0.4505412581699346,0.34692278504371643,0.09787239252175169,,,,,,,
285,0.008909407071769238,0.1601325422525406,3.0,1.0,0.8818849325180054,0.008909407319151796,0.02693935262504965,0.006215472298208624,0.9994197934865952,0.015625,0.45937500000000003,0.8849443708147321,0.9782540457589286,0.875,0.24416819852941177,0.4221966911764706,0.3326626718044281,0.08268843015006981,,,,,,,
286,0.0030951681546866894,0.20992693305015564,3.0,1.0,0.8225676417350769,0.0030951681055739755,-0.0003055442648474127,0.003125722665572539,0.9995475649833679,0.015625,0.446875,0.98748779296875,0.9990234375,0.984375,0.36815408639230884,0.5287819593276587,0.46690285205841064,0.13475455567767,,,,,,,
287,0.00046800076961517334,0.18877996504306793,3.0,1.0,0.81386399269104,0.0004680009151343256,0.0005065434452262707,0.00041734654223546386,0.9993892014026642,0.015625,0.521875,0.9879322881283967,0.9986041525135869,0.984375,0.36095970844733244,0.5335403129274966,0.4597529172897339,0.09867155681153993,,,,,,,
288,0.0009443380404263735,0.15626227855682373,3.0,1.0,1.8108012676239014,0.0009443379240110517,0.0005025124410167336,0.0008940866682678461,0.9993559320767721,0.015625,0.5125,0.9521484375,0.99609375,0.9375,0.3030991417791549,0.45506677158932124,0.3983139991760254,0.14086083659487042,,,,,,,
289,-0.0014983715955168009,0.20906268060207367,3.0,1.0,0.886527955532074,-0.00149837153730914,0.0014108072500675917,-0.0016394523554481566,0.9995361641049385,0.015625,0.45,0.9399123361459363,0.9940243445837451,0.921875,0.33214476102941176,0.5349264705882353,0.42613598704338074,0.14193539738552005,,,,,,,
290,0.0012825814774259925,0.23504507541656494,3.0,1.0,11.278881072998047,0.0012825815138057806,-0.002020459360210225,0.0014846274862065911,0.9994497671723366,0.015625,0.4875,0.9468633428350225,0.9968283713400901,0.9375,0.11989436114556265,0.19568974427120245,0.214580699801445,0.03139351599971271,0.4071428571428571,0.7634330531799888,0.9278068034937647,0.8392857142857143,0.25826397438820486,0.4727315538618548,0.3346072786620685
291,-0.0024010981433093548,0.23082371056079865,3.0,1.0,5.648693084716797,-0.0024010984343476593,7.020775228738785e-05,-0.002408119267784059,0.9995399057865143,0.015625,0.3375,0.9400056537828947,0.994397615131579,0.921875,0.3055731945394437,0.5083494832041343,0.39957374334335327,0.09572289551539208,,,,,,,
292,0.018898898735642433,0.18878711760044098,3.0,1.0,1.1149076223373413,0.018898899055784568,0.04578312404919416,0.014320586051326245,0.9995657652616501,0.03125,0.6625,0.8816252579121999,0.964912489982133,0.90625,0.3158767197831167,0.470148893496352,0.404039204120636,0.07092025440067555,,,,,,,
293,0.019343646243214607,0.1914917528629303,3.0,1.0,0.9550148248672485,0.019343646010383964,0.04221745650283992,0.015121900214580819,0.9994469657540321,0.03125,0.45937500000000003,0.8900111607142858,0.9682477678571428,0.90625,0.24072515443313955,0.4168634932170543,0.32972627878189087,0.09292018768297397,,,,,,,
294,0.0018645798554643989,0.22773168981075287,3.0,1.0,1.2142627239227295,0.001864579797256738,0.007619711512234062,0.0011026087740901858,0.9995719969272614,0.015625,0.340625,0.8837491284984214,0.9877815035135024,0.875,0.2205358455882353,0.39053308823529415,0.3089107573032379,0.08443841605492584,,,,,,,
295,0.0002569009084254503,0.2722129225730896,3.0,1.0,0.8657040596008301,0.00025690117763588205,-0.0010076683829538524,0.00035766803193837404,0.9995069324970245,0.015625,0.4625,0.9142531545538651,0.9913876182154605,0.9375,0.2896284734097127,0.47358819254445966,0.38105377554893494,0.07184995030063634,,,,,,,
296,0.003731158562004566,0.22426025569438934,3.0,1.0,1.733813762664795,0.0037311584455892444,0.0009245949913747609,0.003638699068687856,0.9995240072409312,0.015625,0.49062500000000003,0.9429443359375,0.9966634114583334,0.953125,0.326015665374677,0.4538921188630491,0.4203101396560669,0.08527625866824148,,,,,,,
297,0.0039049675688147545,0.2032049596309662,3.0,1.0,18.22248649597168,0.0039049677143339068,0.01905322994571179,0.0019996449118480086,0.9995868265628814,0.015625,0.33125,0.9061685452676663,0.9808753529456654,0.90625,0.19214720607235142,0.3347060723514212,0.2827640473842621,0.0330867737213796,,,,,,,
298,0.0014105665031820536,0.2458800971508026,3.0,1.0,1.2127259969711304,0.0014105665177339688,0.01141619950067252,0.00026894640177488327,0.9995625257492066,0.015625,0.40625,0.9518347768795018,0.9939886843409239,0.953125,0.2576623774509804,0.4252859477124183,0.35284584760665894,0.10972666187943257,,,,,,,
299,-0.004234502092003822,0.20455797016620636,3.0,1.0,1.8988618850708008,-0.004234501961036585,0.00047521048691123724,-0.004282023059204221,0.9995940089225769,0.015625,0.359375,0.9601759823439511,0.9938289293758044,0.953125,0.18940201184640523,0.35377859477124185,0.28541961312294006,0.034512588268022816,,,,,,,
300,0.001418435131199658,0.2564670145511627,3.0,1.0,2.2577764987945557,0.0014184351894073188,0.005294131289701909,0.0008890217286534607,0.9995613147815069,0.015625,0.39687500000000003,0.9211285778274385,0.9919789109191293,0.90625,0.20805089346785224,0.3593579001367989,0.30016374588012695,0.09518339937348114,0.4821428571428572,0.8193517123919607,0.9315990928714143,0.8928571428571429,0.24572372767403403,0.4103370275447435,0.3276588958355465
301,0.00040216639172285795,0.186947301030159,3.0,1.0,1.2518751621246338,0.0004021662534796633,-0.0010894748265855014,0.0005111135251354426,0.999499224126339,0.015625,0.49375,0.95888671875,0.998046875,0.96875,0.321110715379902,0.44334405637254903,0.4169993996620178,0.12265243077810574,,,,,,,
302,0.010542137548327446,0.15939582884311676,3.0,1.0,1.3212441205978394,0.010542136704316363,0.040362329804338515,0.0065059036714956164,0.9995322406291962,0.03125,0.471875,0.9254069010416667,0.9697265625,0.953125,0.2742658280608755,0.4408387482900137,0.3668064773082733,0.0922118888346308,,,,,,,
303,0.007253558374941349,0.1868678778409958,3.0,1.0,0.9274287819862366,0.007253558636875823,0.030303504201583564,0.004223208277835511,0.999486094713211,0.03125,0.48125,0.8891732352120536,0.9648960658482143,0.90625,0.17869301470588236,0.2887867647058824,0.2676103413105011,0.08473730323509568,,,,,,,
304,-0.0015962898032739758,0.25552254915237427,3.0,1.0,1.3887907266616821,-0.0015962898614816368,-0.0014355807797983289,-0.0014527316088788211,0.9995952291148049,0.015625,0.390625,0.9639140915906627,0.9962813663626509,0.953125,0.2961982978511172,0.497281656121751,0.3925896883010864,0.0938223239882266,,,,,,,
305,0.0068274796940386295,0.20897237956523895,3.0,1.0,0.8234066367149353,0.006827479635830969,0.026257783407345414,0.004201701114652678,0.9995561689138412,0.015625,0.35625,0.9228090162401076,0.9812751274604302,0.9375,0.11212872990766075,0.18692608584131326,0.2044096291065216,0.028708008459498936,,,,,,,
306,0.0022298297844827175,0.23532503843307495,3.0,1.0,0.7686325907707214,0.002229829886346124,-0.002228462020866573,0.002452676009852439,0.9995711346467336,0.015625,0.36875,0.964111328125,0.9970703125,0.953125,0.3642564338235294,0.6147722630718955,0.46066758036613464,0.07995290791001074,,,,,,,
307,0.0009254749165847898,0.13476106524467468,3.0,1.0,0.597550630569458,0.0009254749165847898,0.0010597067885100842,0.0008195039117708802,0.9994535942872366,0.015625,0.66875,0.963014411768507,0.9926826470740281,0.953125,0.3024585621231697,0.4332875753660637,0.39875996112823486,0.13905960832727543,,,,,,,
308,0.0010377501603215933,0.22991608083248138,3.0,1.0,0.9209936261177063,0.0010377500293543562,0.0014092116616666317,0.0008968290640041232,0.9995920998709542,0.015625,0.36875,0.9344329279119318,0.9971067116477272,0.921875,0.09280421686746988,0.1606676706827309,0.18624749779701233,0.05261171305736531,,,,,,,
309,6.094411946833134e-05,0.19297455251216888,3.0,1.0,1.8709945678710938,6.094407581258565e-05,0.00020355929154902697,4.058796912431717e-05,0.9995300233364105,0.015625,0.465625,0.95257568359375,0.997802734375,0.9375,0.2530062177002584,0.4351501937984496,0.34826377034187317,0.07925070647742316,,,,,,,
310,-0.0005613206885755062,0.2305057942867279,3.0,1.0,0.6656495332717896,-0.0005613206449197605,-0.003880159347318113,-0.00017330475384369493,0.9994531348347664,0.015625,0.434375,0.9323981364253953,0.995217545701581,0.953125,0.42599754901960785,0.6295394199346405,0.5192373991012573,0.15785982233237147,0.45357142857142857,0.7709524972098214,0.8995535714285714,0.8928571428571429,0.22468412495987472,0.35431858533083543,0.3017793724845563
311,0.002882882487028837,0.17861226201057434,3.0,1.0,1.5774348974227905,0.002882882719859481,0.0011302748462185264,0.0027698553167283535,0.9994703158736229,0.015625,0.484375,0.976297240218496,0.9994597942073171,0.96875,0.2717326899509804,0.42977941176470585,0.36936241388320923,0.031136669824542572,,,,,,,
312,-0.001149201299995184,0.17403027415275574,3.0,1.0,2.143810987472534,-0.0011492011253722012,-0.0033416110672987998,-0.0008150399080477655,0.9995934009552002,0.015625,0.31875,0.9634652273995535,0.9944859095982143,0.953125,0.14832301171598158,0.2560024103768013,0.24466952681541443,0.042701204967408445,,,,,,,
313,-0.0005083272699266672,0.22555960714817047,3.0,1.0,1.4786144495010376,-0.0005083272699266672,0.0012233866145834327,-0.0006306658033281565,0.9994629621505737,0.015625,0.41875,0.964111328125,0.9970703125,0.953125,0.374119140625,0.6152126736111111,0.470530241727829,0.11455253532718025,,,,,,,
314,0.006882488261908293,0.182847797870636,3.0,1.0,0.9696356654167175,0.0068824882473563775,0.021944226347841322,0.004688065440859646,0.9995329827070236,0.015625,0.521875,0.9440615699404762,0.9829520089285714,0.953125,0.28186554551539494,0.3987658969210174,0.37627172470092773,0.09852335662627829,,,,,,,
315,0.0018626521341502666,0.21324209868907928,3.0,1.0,1.5425218343734741,0.0018626521778060123,0.004899828811176121,0.0013726693578064442,0.9996453374624252,0.015625,0.39687500000000003,0.9337220139526098,0.9972375024250224,0.9375,0.1448555960093986,0.23769193804782895,0.23822779953479767,0.06083498358059036,,,,,,,
316,0.001074554631486535,0.21607226133346558,3.0,1.0,1.014235019683838,0.0010745546169346198,0.0013224962167441845,0.0009423049632459879,0.9995174765586853,0.015625,0.375,0.9472708866514009,0.9969692887931034,0.9375,0.1256268061730506,0.21190257352941178,0.220353901386261,0.07598445821134547,,,,,,,
317,0.0012582028284668922,0.19452206790447235,3.0,1.0,2.156633138656616,0.001258203003089875,0.0014032893523108214,0.001117874082410708,0.9995638906955719,0.015625,0.43125,0.9746337890625,0.99697265625,0.96875,0.26561781330749357,0.4529573263413893,0.3630811870098114,0.07176309374580099,,,,,,,
318,0.008622810244560242,0.17900003492832184,3.0,1.0,6.352016448974609,0.008622810193628538,0.022909550520125777,0.006331855343887582,0.9995652616024018,0.015625,0.425,0.9011517615176152,0.9790211085704607,0.90625,0.19642078755557454,0.3489279632637939,0.28653594851493835,0.05694719504910724,,,,,,,
319,0.0034075649455189705,0.22484040260314941,3.0,1.0,1.1375054121017456,0.0034075645671691746,0.015015696408227086,0.0019059946353081614,0.9995964935847691,0.015625,0.43125,0.8614411473163954,0.9852543353593316,0.90625,0.2153678637758398,0.38131207606589146,0.3015120029449463,0.08825614094851948,,,,,,,
320,0.0009913475951179862,0.19758248329162598,3.0,1.0,1.748810887336731,0.0009913476678775623,0.008799427887424827,0.00011140495189465582,0.9995319172739983,0.015625,0.421875,0.8496627674854765,0.9924010699419061,0.84375,0.11803174908938079,0.16596297982628186,0.20299801230430603,0.02737282874952086,0.47500000000000003,0.7897513253348214,0.9129464285714286,0.875,0.23295441980612175,0.3793283321547541,0.311929551884532
321,0.0018936062697321177,0.20375636219978333,3.0,1.0,2.9407436847686768,0.0018936061533167958,0.0022561812947969884,0.001667988020926714,0.9995364367961883,0.015625,0.534375,0.95166015625,0.994140625,0.9375,0.213929943997948,0.34441155095759235,0.30909594893455505,0.10198232072064287,,,,,,,
322,0.008041787892580032,0.19423185288906097,3.0,1.0,0.849844217300415,0.008041788161790464,0.019654660252854228,0.006076321937143803,0.999555637439092,0.015625,0.390625,0.9051040381716009,0.9781635485197369,0.90625,0.1805546875,0.3204503676470588,0.2710650861263275,0.04565282054590174,,,,,,,
323,0.000164056196808815,0.20731927454471588,3.0,1.0,3.4622738361358643,0.0001640557893551886,-0.0012060869485139847,0.0002846643328666687,0.9995855093002319,0.015625,0.465625,0.9522763206845238,0.9966052827380952,0.9375,0.35616319444444444,0.5354166666666667,0.4513908624649048,0.11964728154980203,,,,,,,
324,-0.001511547015979886,0.20742766559123993,3.0,1.0,0.7792302370071411,-0.0015115471323952079,-0.0007958600181154907,-0.001431961078196764,0.9995269477367401,0.015625,0.30625,0.939697265625,0.9931640625,0.921875,0.21280463520749665,0.3947498326639893,0.3067743480205536,0.02699363482863894,,,,,,,
325,0.011414525099098682,0.1697569042444229,3.0,1.0,1.0486186742782593,0.011414524633437395,0.036636384786106646,0.007750885561108589,0.9995448961853981,0.015625,0.371875,0.925537109375,0.9736328125,0.953125,0.2652351560718764,0.42027001752735976,0.3577888607978821,0.15222603737973747,,,,,,,
326,-0.0026132832281291485,0.16584858298301697,3.0,1.0,0.5503817200660706,-0.00261328300985042,-0.00015853659715503454,-0.00259742938214913,0.9994332492351532,0.015625,0.3875,0.9519965303644017,0.995486121457607,0.9375,0.2366466420143639,0.4087219989740082,0.33184629678726196,0.05597137759219552,,,,,,,
327,0.0071520428173244,0.16839851438999176,3.0,1.0,3.563499689102173,0.007152042773668654,0.023840036476030946,0.004768039274495095,0.9994370192289352,0.015625,0.375,0.9332343406341642,0.9839139250366569,0.9375,0.28765905989939583,0.5271590358527132,0.38098251819610596,0.05973571382240416,,,,,,,
328,7.897359319031239e-05,0.18463973701000214,3.0,1.0,0.38951873779296875,7.897353498265147e-05,0.001898768125101924,-0.0001109032891690731,0.9994272689024607,0.015625,0.434375,0.9081656901041667,0.9920377604166667,0.921875,0.27367288436692505,0.46396963824289406,0.36448949575424194,0.08083958464138437,,,,,,,
329,0.0017691897228360176,0.2154189795255661,3.0,1.0,1.7402437925338745,0.00176918956276495,0.005804227839689702,0.0011887668224517256,0.9995813131332397,0.015625,0.43125,0.9676245739995217,0.9973903858418367,0.96875,0.16025672594619242,0.2717100575695394,0.25701919198036194,0.08981016196908884,,,,,,,
330,0.00045852677430957556,0.23173260688781738,3.0,1.0,0.5536120533943176,0.00045852676703361794,-0.001323175645666197,0.0005908443708904088,0.9994736239314079,0.015625,0.409375,0.975586675828503,0.9960967033140121,0.96875,0.2965572746459695,0.47867817265795204,0.39411595463752747,0.12198626176438009,0.4428571428571428,0.8161272321428571,0.9296875,0.875,0.2265692380949765,0.3750039111563183,0.3081819589382836
331,-0.0015177156310528517,0.2499355971813202,3.0,1.0,1.036981463432312,-0.001517715456429869,-0.0014592674560844898,-0.0013717887050006539,0.9995144724845886,0.015625,0.446875,0.9398933585945305,0.9939484343781219,0.921875,0.1650326286764706,0.2895871629901961,0.25902196764945984,0.024911523319459398,,,,,,,
332,0.0003426651528570801,0.1597529947757721,3.0,1.0,0.7419508099555969,0.0003426651528570801,0.00020320620387792587,0.00032234465470537543,0.9993848701318105,0.015625,0.49375,0.9755961100260416,0.9961344401041666,0.96875,0.3205264857881137,0.4914890180878553,0.41808611154556274,0.1475071039178989,,,,,,,
333,0.00117957079783082,0.15551742911338806,3.0,1.0,0.800728976726532,0.0011795708269346505,-0.0014706492656841874,0.0013266355672385544,0.9995588436722755,0.015625,0.478125,0.9393813624526515,0.9929421164772727,0.921875,0.3542410471132898,0.5417500680827887,0.4481791853904724,0.1319969365847036,,,,,,,
334,-0.002253178507089615,0.13480304181575775,3.0,1.0,0.5710662603378296,-0.002253178787213983,0.00017544475849717855,-0.0022707232274115086,0.9994181791941324,0.015625,0.6375,0.9209445252710459,0.9962781010841837,0.9375,0.3706921169630643,0.5391469305745554,0.46278655529022217,0.15603854544437357,,,,,,,
335,0.00015470467042177916,0.2542128562927246,3.0,1.0,1.0204473733901978,0.00015470468497369438,-0.0026728883385658264,0.00042199372546747327,0.9995538830757141,0.015625,0.346875,0.9288808186848958,0.99156494140625,0.921875,0.24263372093023255,0.40050872093023254,0.3355218172073364,0.06579727972768817,,,,,,,
336,0.000523648108355701,0.1500755399465561,3.0,1.0,0.7345786094665527,0.0005236482538748533,0.0013309212808962911,0.0003905560588464141,0.9992820223172506,0.015625,0.496875,0.9589565995810688,0.9957222316576086,0.953125,0.13212072001240255,0.2406986401488306,0.22801637649536133,0.03773734145176932,,,,,,,
337,-0.00034595432225614786,0.19359861314296722,3.0,1.0,0.8152658939361572,-0.0003459540457697585,0.0035592862986959517,-0.0007018829346634448,0.9995480179786682,0.015625,0.3375,0.9267327897049071,0.9897436588196287,0.90625,0.2631328018125855,0.4438151932284542,0.3558060824871063,0.04926945459464383,,,,,,,
338,0.008082284592092037,0.17129375040531158,3.0,1.0,3.810847043991089,0.008082284446572885,0.02159873186610639,0.005922411277424544,0.9994789659976959,0.015625,0.42812500000000003,0.8966878255208334,0.9783528645833334,0.890625,0.19916326027147807,0.3324212290337822,0.28883203864097595,0.013071064457428672,,,,,,,
339,0.0033917876426130533,0.22532977163791656,3.0,1.0,0.4760572612285614,0.0033917881810339168,0.021423066733404994,0.001249481487320736,0.9994668141007423,0.015625,0.553125,0.919467936909022,0.9950592476360877,0.9375,0.05240946691176471,0.1140625,0.14435625076293945,0.02806185986942675,,,,,,,
340,0.009471366181969643,0.1399136185646057,3.0,1.0,1.24371337890625,0.009471366196521558,0.02470851005637087,0.007000515295658261,0.9995230972766876,0.015625,0.42812500000000003,0.9025680782698406,0.9811219224543625,0.90625,0.3295035695964432,0.5215105591655267,0.4197603762149811,0.1250651721359395,0.46071428571428574,0.8155226934523808,0.9272693452380951,0.875,0.26455601969469955,0.43566285041148245,0.34610828863722937
341,0.0011182683520019054,0.24059951305389404,3.0,1.0,5.18599271774292,0.0011182681628270075,0.0013487531541613862,0.0009833928052103147,0.9994485378265381,0.015625,0.403125,0.9882530799278846,0.9998873197115384,0.984375,0.28718069211696307,0.5085790251177991,0.3860059976577759,0.048879007411095896,,,,,,,
342,-0.0009113147389143705,0.24646206200122833,3.0,1.0,2.2994377613067627,-0.0009113147389143705,0.0004460869822651148,-0.0009559231111779809,0.9994582161307335,0.015625,0.546875,0.9391752477984383,0.9921176578604198,0.921875,0.5110860788113695,0.7338985788113696,0.6050035357475281,0.11459030809061328,,,,,,,
343,0.009238559752702713,0.21201497316360474,3.0,1.0,1.244488000869751,0.009238559257937595,0.025107060733716935,0.006727853120537475,0.9995293557643891,0.015625,0.353125,0.9450519004564607,0.9843091643258427,0.953125,0.2853498845759234,0.393343878248974,0.37985506653785706,0.08766882243195548,,,,,,,
344,0.0016024236101657152,0.21329014003276825,3.0,1.0,1.0881267786026,0.0016024236392695457,-4.712218651548028e-05,0.001607135811354965,0.9994734823703766,0.015625,0.340625,0.9879483309659091,0.9986683238636364,0.984375,0.28075479983660134,0.4603962418300654,0.37954962253570557,0.10779987431680572,,,,,,,
345,-0.00028939387993887067,0.19719339907169342,3.0,1.0,0.7497667074203491,-0.00028939382173120975,0.013403028540778905,-0.0016296966350637376,0.9995896645954677,0.015625,0.41875,0.8883728750040112,0.9862307578285449,0.890625,0.15498178119718695,0.29277764337894563,0.24381905794143677,0.06511201849743199,,,,,,,
346,0.005292827263474464,0.14022935926914215,3.0,1.0,0.5339152812957764,0.005292826990626054,0.023953926865942776,0.002897434402257204,0.9995340034365654,0.015625,0.453125,0.9003766741071428,0.9806082589285714,0.953125,0.038890988372093024,0.07405523255813953,0.12892864644527435,0.0300768144772859,,,,,,,
347,0.004786980338394642,0.24556834995746613,3.0,1.0,1.1176472902297974,0.004786979436175898,0.017997854622080922,0.0029871939914301038,0.9995464036862055,0.015625,0.421875,0.8723694918448465,0.974829529879386,0.859375,0.4459324448529412,0.721139705882353,0.5331694483757019,0.08634868506781795,,,,,,,
348,-0.0023906282149255276,0.19494032859802246,3.0,1.0,0.5956353545188904,-0.002390628171269782,-0.000860929285408929,-0.002304535184521228,0.999396562576294,0.015625,0.415625,0.97607421875,0.998046875,0.96875,0.128788656378249,0.2358968878248974,0.22639606893062592,0.05528852807114077,,,,,,,
349,0.00021485064644366503,0.17673392593860626,3.0,1.0,0.4561472535133362,0.00021485070465132594,-0.0008816367480903864,0.0003030141815543175,0.9994427636265755,0.015625,0.41250000000000003,0.9514997309907741,0.9934989239630967,0.9375,0.20275,0.37881944444444443,0.29789999127388,0.0681206199030405,,,,,,,
350,-0.001422762405127287,0.21190811693668365,3.0,1.0,1.8734360933303833,-0.0014227624342311174,0.004885706468485296,-0.0019113332673441619,0.9995857894420623,0.015625,0.340625,0.9704532832889766,0.9955826644059066,0.96875,0.22917408846798504,0.3842614501553867,0.3262194097042084,0.09208426138586943,0.5071428571428572,0.8021049240008503,0.9271696960034014,0.8571428571428571,0.24786961069801974,0.3903025642404155,0.32808010280132294
351,-0.0017384433886036277,0.17132684588432312,3.0,1.0,0.5135002732276917,-0.0017384434468112886,0.0007831442635506392,-0.0018167578964494169,0.9995030760765076,0.015625,0.31875,0.9638671875,0.99609375,0.953125,0.18959448297851117,0.2941922808367533,0.2859812080860138,0.06718563792316165,,,,,,,
352,0.0058215889148414135,0.17862118780612946,3.0,1.0,0.7793687582015991,0.005821589496918023,0.022483636625111103,0.003573226131265983,0.9994102120399475,0.015625,0.47500000000000003,0.9199128064976558,0.9780236218239564,0.921875,0.30026098191214473,0.46844315245478035,0.39225226640701294,0.11725916263660412,,,,,,,
353,0.0059526897966861725,0.2004106491804123,3.0,1.0,0.6911218762397766,0.0059526891564019024,0.025672200601547956,0.0033854690846055746,0.9994937777519226,0.015625,0.33437500000000003,0.9229445360574132,0.9821065585815048,0.9375,0.1877324773901809,0.23760699289405685,0.280026912689209,0.12134533245865661,,,,,,,
354,-0.0013249354669824243,0.22251172363758087,3.0,1.0,0.7145555019378662,-0.0013249358162283897,0.0007708173943683505,-0.0014020176095073111,0.9995250940322876,0.015625,0.54375,0.9275056270246897,0.991272508098759,0.90625,0.22122222222222224,0.3145833333333333,0.3139727711677551,0.16003663134424315,,,,,,,
355,0.0005286568775773048,0.20069777965545654,3.0,1.0,0.784399151802063,0.0005286567320581526,0.0043838826240971684,9.026813495438546e-05,0.9995444416999817,0.015625,0.29375,0.9091927706339713,0.9961460825358852,0.921875,0.1454919250645995,0.23695090439276487,0.2364112138748169,0.06024136603236008,,,,,,,
356,0.0026537294033914804,0.16200396418571472,3.0,1.0,1.096293330192566,0.0026537292869761586,0.012819385039620101,0.001371790625853464,0.9993943810462952,0.015625,0.509375,0.94482421875,0.998046875,0.96875,0.2872049875716958,0.47655876298170335,0.3816874027252197,0.1424609228142756,,,,,,,
357,0.006425277795642614,0.14787276089191437,3.0,1.0,3.1771109104156494,0.006425278137612622,0.024178486317396164,0.004007429801276885,0.9994798228144646,0.015625,0.409375,0.905105225777512,0.9823349656100478,0.953125,0.1838655309507524,0.3267260174418605,0.2743760347366333,0.03951543746143358,,,,,,,
358,0.000303053529933095,0.19283799827098846,3.0,1.0,2.468301296234131,0.00030305320979095995,-0.0015387235907837749,0.00045692536514252424,0.9994593933224678,0.015625,0.39375,0.9434244791666667,0.99609375,0.9375,0.28042519403594773,0.4258782679738562,0.37476763129234314,0.08605836405295843,,,,,,,
359,0.002021100139245391,0.21141690015792847,3.0,1.0,1.2243762016296387,0.0020211003138683736,-0.0020152402576059103,0.0022226243163459003,0.9995158910751343,0.015625,0.559375,0.9045963832310268,0.9933855329241071,0.875,0.3062801769044181,0.42218525168465315,0.39673981070518494,0.12771028510495935,,,,,,,
360,-0.000645356485620141,0.22669123113155365,3.0,1.0,1.068042516708374,-0.000645356485620141,-0.00046383970766328275,-0.0005989724886603653,0.9992554485797882,0.015625,0.371875,0.9882289341517857,0.9997907366071429,0.984375,0.3675789538683691,0.5862191727466181,0.4664018750190735,0.07241851403012733,0.41785714285714287,0.7357850366709184,0.879524075255102,0.8571428571428571,0.24022676768241621,0.4036823307823176,0.31380526907742023
361,0.0007847205270081758,0.22404426336288452,4.0,1.0,1.3403123617172241,0.0007847208180464804,0.0012478971621021628,0.000659931160043925,0.9994112133979798,0.015625,0.36562500000000003,0.9090983072916666,0.9957682291666666,0.921875,0.21877159926470588,0.3563674428104575,0.3096814453601837,0.10643502659885869,,,,,,,
362,-2.6300549507141113e-06,0.16629327833652496,4.0,1.0,0.6398411393165588,-2.629851223900914e-06,-9.953945118468255e-05,7.324066245928407e-06,0.9993336498737335,0.015625,0.54375,0.9882146661931818,0.9997336647727273,0.984375,0.31130264857881135,0.4526082041343669,0.4101240634918213,0.11320854115137627,,,,,,,
363,-0.00012089032679796219,0.24604782462120056,4.0,1.0,0.4396919310092926,-0.0001208902831422165,0.0010098061175085604,-0.00022187078138813376,0.9994507133960724,0.015625,0.378125,0.964263916015625,0.9976806640625,0.953125,0.20179779411764706,0.3048943014705882,0.29822418093681335,0.0630157589627862,,,,,,,
364,0.007255918346345425,0.1930709034204483,4.0,1.0,3.491788148880005,0.007255918346345425,0.024525510671082884,0.004803367250133306,0.9995188936591148,0.015625,0.278125,0.901611328125,0.982421875,0.9375,0.145318359375,0.22350260416666667,0.23547948896884918,0.04614682103715295,,,,,,,
365,0.0026931720785796642,0.2505649924278259,4.0,1.0,5.626607894897461,0.0026931724860332906,0.0021034296951256692,0.00248282948450651,0.9995086312294006,0.015625,0.4625,0.9400472005208333,0.99560546875,0.921875,0.3270197467795258,0.5149299618103055,0.42102447152137756,0.03480648234622139,,,,,,,
366,0.0073660435155034065,0.22878864407539368,4.0,1.0,1.9413070678710938,0.0073660437046783045,0.02197165288089309,0.005168877949472517,0.9995068788528443,0.015625,0.34375,0.9450094947435099,0.9841395414740398,0.953125,0.23571920955882353,0.38463031045751633,0.33022016286849976,0.05020361357835061,,,,,,,
367,0.003841649740934372,0.20258913934230804,4.0,1.0,1.591029167175293,0.0038416496390709653,0.004308527219109237,0.0034107968385796994,0.9995676577091217,0.015625,0.34375,0.9014471715261457,0.9917261861045829,0.875,0.2539796576009922,0.408976900248051,0.34412437677383423,0.09004986340811942,,,,,,,
368,-0.0010253621730953455,0.20892423391342163,4.0,1.0,0.9137895703315735,-0.0010253622094751336,0.004316035163355991,-0.0014569658087566495,0.999501621723175,0.015625,0.475,0.9756243024553571,0.9962472098214286,0.96875,0.21977239923747277,0.3254255174291939,0.3173348605632782,0.08756267070850078,,,,,,,
369,-0.00037316701491363347,0.17519569396972656,4.0,1.0,0.387159526348114,-0.0003731670731212944,0.001319376553510665,-0.0005051047482993454,0.999316563208898,0.015625,0.43125,0.9875509697094298,0.9970788788377193,0.984375,0.24283661318209454,0.41006279449764405,0.3415917158126831,0.05671205499328186,,,,,,,
370,-0.0003195515018887818,0.2325383871793747,4.0,1.0,2.816448450088501,-0.0003195516037521884,0.0011634633410722017,-0.0004358980804681778,0.9993526786565781,0.015625,0.45,0.8791259765625,0.97900390625,0.890625,0.35587729779411764,0.5844669117647059,0.44378989934921265,0.08528001383187078,0.4607142857142858,0.8867628054511278,0.9588815789473684,0.9107142857142857,0.3004166517382147,0.4792665515818731,0.3890929328543799
371,0.007412159815430641,0.207296222448349,4.0,1.0,2.3056459426879883,0.00741216024471214,0.02400755078997463,0.005011405213735998,0.9994693348805109,0.015625,0.5,0.9082387288411459,0.98184814453125,0.953125,0.2527455053484572,0.39391767365861075,0.3435693681240082,0.10107211405780527,,,,,,,
372,-0.003724129404872656,0.20164552330970764,4.0,1.0,0.48398274183273315,-0.0037241294267005287,0.0038400987396016717,-0.0041081392773776315,0.9993524476885796,0.015625,0.45625,0.9520961712637802,0.995884685055121,0.9375,0.23252299118956446,0.39520825550263067,0.3277326226234436,0.06731334377486009,,,,,,,
373,0.010417131707072258,0.24126359820365906,4.0,1.0,1.906771183013916,0.010417131939902902,0.030595781980082393,0.007357554160989821,0.9995813518762589,0.03125,0.46875,0.901351592871561,0.966734496486244,0.921875,0.270132906626506,0.3971009036144578,0.3602680563926697,0.10807825766839785,,,,,,,
374,-0.0023266614880412817,0.1989177167415619,4.0,1.0,2.9875550270080566,-0.0023266614152817056,0.0007063208759063855,-0.0023972934432094917,0.9993870198726654,0.015625,0.471875,0.951793362801535,0.9946734512061404,0.9375,0.24658838491792065,0.34013551641586864,0.34176772832870483,0.10963189779495333,,,,,,,
375,0.003671014681458473,0.25656813383102417,4.0,1.0,2.755750894546509,0.003671014797873795,-0.0007438016473315656,0.003745394991710782,0.9994842410087585,0.015625,0.434375,0.9754660866477273,0.9956143465909091,0.96875,0.18520664828431374,0.3229932598039216,0.28275325894355774,0.11135444908800528,,,,,,,
376,0.011518282815814018,0.20741741359233856,4.0,1.0,1.3441150188446045,0.01151828293222934,0.04213563655503094,0.007304719067178667,0.9995506167411804,0.03125,0.378125,0.91357421875,0.96875,0.9375,0.2837396003540305,0.4357298474945534,0.37509703636169434,0.12828836480035977,,,,,,,
377,-0.0018649597186595201,0.21080899238586426,4.0,1.0,3.6754095554351807,-0.0018649598059710115,0.001075790321920067,-0.0019725387974176556,0.999320673942566,0.015625,0.54375,0.9388825402909265,0.9909468278303728,0.921875,0.34968979779411763,0.4713235294117647,0.4435780346393585,0.13096239892617068,,,,,,,
378,-0.0009573078714311123,0.19594861567020416,4.0,1.0,0.5978426337242126,-0.0009573075076332316,-5.510159826371819e-05,-0.0009517974685877562,0.9993003681302071,0.015625,0.603125,0.9983072916666667,1.0,1.0,0.3037622834017328,0.4653998518011856,0.4035930335521698,0.11870910777325737,,,,,,,
379,0.0020446733105927706,0.20168137550354004,4.0,1.0,0.944299578666687,0.0020446733688004315,0.0014560354175046086,0.0018990698154084384,0.9993955716490746,0.015625,0.328125,0.9400553385416667,0.9951171875,0.921875,0.19828889948473785,0.2790595822070773,0.292294442653656,0.09347015844828897,,,,,,,
380,0.0010048102121800184,0.18676932156085968,4.0,1.0,0.7440759539604187,0.0010048099211417139,0.0005272656853776425,0.0009520832973066717,0.999323882162571,0.015625,0.45,0.9757420590049342,0.9967182360197369,0.96875,0.24601362645348837,0.402671853625171,0.34358784556388855,0.09486441257815277,0.4928571428571429,0.8793805803571428,0.9494419642857144,0.9285714285714286,0.2621879420489593,0.4139893689800567,0.35012599879077505
381,-0.0005828598514199257,0.1911286860704422,4.0,1.0,3.604238510131836,-0.0005828597422805615,-0.0005513585638254881,-0.0005277238378766924,0.9993343576788902,0.015625,0.321875,0.9517411665482954,0.9960271661931818,0.9375,0.17889163436692507,0.31549580103359176,0.274065762758255,0.032354030059715835,,,,,,,
382,-0.0019643339328467846,0.2660386860370636,4.0,1.0,0.7645713686943054,-0.001964333569048904,-0.000503442483022809,-0.0019139892683597282,0.9996078312397003,0.015625,0.44375,0.9039036663206585,0.9811094569493007,0.921875,0.11705376838235294,0.21801470588235294,0.20744413137435913,0.05993579112558431,,,,,,,
383,-0.0032093492336571217,0.23702655732631683,4.0,1.0,1.6968530416488647,-0.0032093491754494607,0.0013730530627071857,-0.0033466544118709862,0.9884183526039123,0.015625,0.453125,0.901326689236514,0.9724942569460561,0.921875,0.2845798611111111,0.48020833333333335,0.3747125267982483,0.09653468739897837,,,,,,,
384,-0.0012917001731693745,0.22355897724628448,4.0,1.0,0.9883103370666504,-0.0012917000167362858,0.0005628953949781135,-0.0013479895424097776,0.9994469225406647,0.015625,0.47500000000000003,0.9879150390625,0.99853515625,0.984375,0.24109007352941175,0.4125919117647059,0.33988156914711,0.04574363560759355,,,,,,,
385,0.0017756210872903466,0.24531497061252594,4.0,1.0,2.2767016887664795,0.0017756210145307705,0.0028559989877976477,0.001490021008066833,0.9993950426578522,0.015625,0.415625,0.9761130593039773,0.9982022372159091,0.96875,0.22458537819197447,0.3784712722298222,0.3221966624259949,0.06730538870939992,,,,,,,
386,0.000298595754429698,0.2031579166650772,4.0,1.0,0.7392117977142334,0.0002985957107739523,-9.546399815008044e-05,0.0003081421018578112,0.9992539286613464,0.015625,0.540625,0.963525390625,0.9947265625,0.953125,0.23454438483242135,0.3900361234610123,0.33089691400527954,0.07415064213468667,,,,,,,
387,0.006262524519115686,0.16757138073444366,4.0,1.0,0.7059719562530518,0.006262524519115686,0.023838798806536943,0.0038786440854892135,0.9993085364500681,0.015625,0.5125,0.9444287109375,0.98181640625,0.953125,0.39978190282290244,0.6166521495953032,0.49422481656074524,0.10990173099913451,,,,,,,
388,0.010879549197852612,0.19433365762233734,4.0,1.0,0.5104986429214478,0.010879549896344543,0.037737324950285256,0.0071058173780329525,0.9993599727749825,0.015625,0.525,0.894287109375,0.9686414930555556,0.9375,0.17262311799719887,0.31974206349206347,0.2620518207550049,0.09619342264409098,,,,,,,
389,-0.0007098533678799868,0.243972510099411,4.0,1.0,0.9614207148551941,-0.0007098533533280715,3.463370376266539e-05,-0.0007133166072890162,0.9994234383106232,0.015625,0.409375,0.9643398187099359,0.9979842748397436,0.953125,0.21186191860465117,0.3528343023255814,0.308295875787735,0.046120816786885066,,,,,,,
390,0.0021622376516461372,0.17400206625461578,4.0,1.0,0.6762105822563171,0.0021622375497827306,0.00034734324435703456,0.0021275031322147697,0.9992650349934896,0.015625,0.59375,0.981787109375,0.9990234375,0.984375,0.38991803267657194,0.5357352307848204,0.48809677362442017,0.17603211220666687,0.42142857142857143,0.7661033163265306,0.9081632653061226,0.8392857142857143,0.24131344178420414,0.41443578855844193,0.3179237709181117
391,-0.0004930172581225634,0.17852085828781128,4.0,1.0,0.3845798373222351,-0.0004930172726744786,0.0017559590050950646,-0.0006686130654998124,0.9993163446585337,0.015625,0.55,0.9520774082038476,0.9958096328153903,0.9375,0.14276406953051604,0.2612479243238343,0.23797182738780975,0.05655577055175547,,,,,,,
392,-0.00012275896733626723,0.2022843360900879,4.0,1.0,0.7581455707550049,-0.00012275897461222485,-0.0009593568393029273,-2.6823239750228822e-05,0.9992862567305565,0.015625,0.45625,0.916259765625,0.9931640625,0.890625,0.3331608527131783,0.4990956072351421,0.42478683590888977,0.12853870366914127,,,,,,,
393,0.00048788345884531736,0.22655002772808075,4.0,1.0,0.9941810965538025,0.00048788334970595315,0.0005565504252444953,0.0004322282620705664,0.9993501082062721,0.015625,0.546875,0.9880109514508929,0.9989188058035714,0.984375,0.366218253628971,0.5796884499924001,0.4650193452835083,0.11521589309684521,,,,,,,
394,0.0034916361328214407,0.23367737233638763,4.0,1.0,1.9131747484207153,0.0034916359145427123,0.002627308276714757,0.0032289052178384736,0.9994135584150042,0.015625,0.45625,0.9375871246936275,0.9946193321078431,0.921875,0.30180396075581395,0.4483769379844961,0.39556267857551575,0.1109311847867284,,,,,,,
395,-0.00048624095506966114,0.23749825358390808,4.0,1.0,1.229683756828308,-0.00048624096234561875,0.0023036262718960643,-0.0007166035939007998,0.9994011998176575,0.015625,0.378125,0.9447211723823052,0.9976346895292207,0.96875,0.29446767502422483,0.4706920219638243,0.3889397978782654,0.09728273730225862,,,,,,,
396,0.0007163865957409143,0.2307162582874298,4.0,1.0,0.7692661881446838,0.0007163865520851687,0.00034903688356280327,0.0006814827211201191,0.9994379580020905,0.015625,0.2625,0.9018293108258929,0.9745047433035714,0.921875,0.2536478219840908,0.4432425061432842,0.34383076429367065,0.10307922341719211,,,,,,,
397,-0.000325349741615355,0.18224623799324036,4.0,1.0,0.9501843452453613,-0.00032534979982301593,-0.00030503940070047975,-0.0002948459004983306,0.9990077217419943,0.015625,0.525,0.9630839029947916,0.9945231119791667,0.953125,0.141968844126506,0.18100448669678715,0.23827722668647766,0.0434367148151751,,,,,,,
398,0.0055480832234025,0.14267461001873016,4.0,1.0,2.8610875606536865,0.005548083281610161,0.024905803496949375,0.0030575029086321592,0.9993082284927368,0.015625,0.515625,0.9442221108969155,0.9809900060876623,0.953125,0.09573735678864569,0.1586172623119015,0.19015957415103912,0.04267863225876089,,,,,,,
399,0.0030515624675899744,0.19967477023601532,4.0,1.0,1.7320973873138428,0.0030515624093823135,0.0001452610595151782,0.003037036571186036,0.9994785264134407,0.015625,0.50625,0.93994140625,0.994140625,0.921875,0.337656007751938,0.48483527131782944,0.43165016174316406,0.12394025940730581,,,,,,,
400,0.0019183674594387412,0.2050454020500183,4.0,1.0,1.329365611076355,0.0019183674594387412,0.012912154314108193,0.0006271513120736927,0.9995043039321899,0.015625,0.275,0.9496457781110491,0.9950823102678571,0.96875,0.17659724478454172,0.24822909541723667,0.27156180143356323,0.0618209372194792,0.4678571428571429,0.823143555663087,0.9387795797952049,0.8571428571428571,0.30894493762294306,0.4685513371314717,0.3912592923734337
401,4.354165866971016e-05,0.22565270960330963,4.0,1.0,0.3359607756137848,4.354160773800686e-05,-0.0005882669138372876,0.00010236837260890752,0.9993388503789902,0.015625,0.6125,0.987060546875,0.9951171875,0.984375,0.34506944444444443,0.4611111111111111,0.4437755048274994,0.1610859021811356,,,,,,,
402,-0.0007995085325092077,0.1958090364933014,4.0,1.0,2.1679720878601074,-0.0007995085397851653,0.0,-0.0007995085397851653,0.9995212197303772,0.015625,0.396875,1.0,1.0,1.0,0.20877195194938442,0.35763508891928864,0.3087719678878784,0.05743297108413743,,,,,,,
403,0.0025684614665806293,0.16915865242481232,4.0,1.0,2.637784004211426,0.002568461379269138,0.0019674869254231453,0.0023717125877738,0.9992726643880209,0.015625,0.45625,0.9634321976851273,0.9943537907405094,0.953125,0.31239376439581856,0.5056210134656273,0.4087369740009308,0.12493513332766054,,,,,,,
404,0.013714673928916454,0.20715530216693878,4.0,1.0,1.7028013467788696,0.013714674365473911,0.024566356325522065,0.011258038983214647,0.9993689134716988,0.015625,0.453125,0.908650102418772,0.979326972175088,0.90625,0.3590025531045752,0.5007046568627451,0.4498675465583801,0.14863999854458304,,,,,,,
405,0.000183284399099648,0.24650631844997406,4.0,1.0,0.5650857090950012,0.00018328439182369038,-0.00048254300781991333,0.00023153859365265816,0.9993683323264122,0.015625,0.434375,0.9889791588959344,1.0,1.0,0.20046260354917161,0.35728280007093277,0.2993605136871338,0.05527491715412566,,,,,,,
406,0.001663086237385869,0.2372349053621292,4.0,1.0,0.6492910385131836,0.0016630862228339538,0.0063599348068237305,0.0010270928323734552,0.9995371301968893,0.015625,0.471875,0.8831268856897379,0.9891725818214514,0.859375,0.10891176470588235,0.18759191176470588,0.1972244530916214,0.0454324902430145,,,,,,,
407,5.2379327826201916e-05,0.1963893175125122,4.0,1.0,0.7871662974357605,5.237948789726943e-05,-0.00016241933917626739,6.862141890451312e-05,0.999489868680636,0.015625,0.434375,0.9641694568452381,0.9973028273809523,0.953125,0.29534375,0.4593290441176471,0.3917607367038727,0.11762956664992189,,,,,,,
408,0.000987480627372861,0.2290266901254654,4.0,1.0,1.0291143655776978,0.000987480510957539,9.77532472461462e-05,0.0009777051163837314,0.9993626549839973,0.015625,0.46875,0.9516617415787337,0.994146966314935,0.9375,0.38020501904734766,0.5424783164234687,0.47537118196487427,0.12696829227730877,,,,,,,
409,-0.00021514669060707092,0.23913727700710297,4.0,1.0,1.3737084865570068,-0.00021514648688025773,-0.0011112483916804194,-0.00010402174666523933,0.9994637370109558,0.015625,0.33125,0.9392415364583333,0.9970703125,0.96875,0.13777000208998327,0.23878379597963217,0.23169414699077606,0.043433539181821995,,,,,,,
410,-0.0012203638907521963,0.1933240443468094,4.0,1.0,0.6092057824134827,-0.0012203638325445354,0.0005943045543972403,-0.0012797943782061338,0.9992697685956955,0.015625,0.353125,0.9642313538924012,0.997550415569605,0.953125,0.18743667439722983,0.27685034769721845,0.28385981917381287,0.05705456532541285,0.43571428571428567,0.8206773695054945,0.9389594780219781,0.875,0.2782140197164137,0.4448139914880681,0.3602817552164197
411,-0.0007690354250371456,0.16912440955638885,4.0,1.0,0.6751334071159363,-0.0007690355778322555,0.0004519477370195091,-0.0008142302976921201,0.9992594867944717,0.015625,0.525,0.9721354166666667,0.9973958333333334,0.96875,0.38207217478197675,0.6038517441860465,0.47928568720817566,0.12366551351948506,,,,,,,
412,0.007048288360238075,0.23191112279891968,4.0,1.0,2.9556312561035156,0.007048288767691702,0.023656183679122478,0.004682670463807881,0.9993771314620972,0.015625,0.38125000000000003,0.96875,0.9853515625,0.984375,0.28534399954469036,0.44482820560628283,0.38221901655197144,0.07384583724739843,,,,,,,
413,-0.000651588081382215,0.20847129821777344,4.0,1.0,0.5926520228385925,-0.0006515879067592323,-0.0022295696544460952,-0.0004286310140741989,0.9994523177544276,0.015625,0.40625,0.975830078125,0.9970703125,0.96875,0.13816597786494816,0.25304181843653684,0.2357489913702011,0.06158769286787659,,,,,,,
414,0.008259383961558342,0.2282102406024933,4.0,1.0,1.207346796989441,0.008259383590484504,0.018032272753771394,0.006456156232161447,0.9995145996411642,0.015625,0.46875,0.9077311197916667,0.9755859375,0.9375,0.36356901041666667,0.6245149101307189,0.4543421268463135,0.10145692292145826,,,,,,,
415,-0.0008955895900726318,0.2397230565547943,4.0,1.0,0.793151319026947,-0.0008955889352364466,0.0012158061435911804,-0.0010171696485485882,0.9993627727031708,0.015625,0.603125,0.97607421875,0.998046875,0.96875,0.47120698305171593,0.6188501259560204,0.5688143372535706,0.13958371624480972,,,,,,,
416,0.006015480030328035,0.21453876793384552,4.0,1.0,7.798684597015381,0.006015480059431866,0.02134838397614658,0.0038806414013379253,0.9994838138421377,0.015625,0.503125,0.9206139026988637,0.9803071732954546,0.921875,0.25183823529411764,0.4234375,0.34389960765838623,0.12433959021391533,,,,,,,
417,0.002272136276587844,0.2031918466091156,4.0,1.0,1.4569185972213745,0.0022721363784512505,0.0003408073680475354,0.002238055574707687,0.9993671178817749,0.015625,0.375,0.97607421875,0.998046875,0.96875,0.24026711144123347,0.39631435604765164,0.33787456154823303,0.08728568579383279,,,,,,,
418,0.001230497844517231,0.18028131127357483,4.0,1.0,0.5943329334259033,0.0012304979609325528,-0.0001840391050791368,0.0012489019427448511,0.9991815487543741,0.015625,0.521875,0.988037109375,0.9990234375,0.984375,0.24503710234901455,0.43654197224755537,0.3438408076763153,0.03682916013648563,,,,,,,
419,0.0007283419836312532,0.19710518419742584,4.0,1.0,2.3103463649749756,0.0007283419326995499,0.0014196315896697342,0.0005863788537681103,0.9994445741176605,0.015625,0.484375,0.9543788706889006,0.9951196494222689,0.953125,0.3286724948700411,0.4507374316005472,0.42411038279533386,0.13542226084960837,,,,,,,
420,0.007275483570992947,0.19316332042217255,4.0,1.0,4.207489967346191,0.0072754833090584725,0.02638764859875664,0.0046367183240363374,0.9993770718574524,0.015625,0.465625,0.95654296875,0.982421875,0.96875,0.22325385103169176,0.3364722269721842,0.318908154964447,0.14389701813711242,0.45000000000000007,0.8434709821428571,0.9319196428571429,0.9107142857142857,0.2710961939903448,0.4639981347446983,0.3554432913661003
421,0.0009341186378151178,0.19536073505878448,4.0,1.0,1.3437410593032837,0.0009341186232632026,-0.0004049522103741765,0.0009746139694470912,0.9994200468063354,0.015625,0.365625,0.949267578125,0.9970703125,0.953125,0.24524664343649105,0.4016545348058902,0.3401734232902527,0.09504385347437108,,,,,,,
422,0.0018732326570898294,0.2014787793159485,4.0,1.0,0.7340835928916931,0.0018732327334873844,-0.0006583378417417407,0.0019390664238017052,0.9992259502410888,0.015625,0.45625,0.975830078125,0.9970703125,0.96875,0.4318149224806202,0.6233688630490957,0.5293979644775391,0.13614586752660762,,,,,,,
423,4.6885572373867035e-05,0.23606474697589874,4.0,1.0,1.2205510139465332,4.688568878918886e-05,9.259319631382823e-05,3.762636333703995e-05,0.9994505822658539,0.015625,0.41875,0.9539879502386966,0.9979137073863636,0.953125,0.3480888281237124,0.5072036779127453,0.44348764419555664,0.14623201463177604,,,,,,,
424,0.0004952630260959268,0.2088463306427002,4.0,1.0,0.5649368166923523,0.0004952630843035877,-0.0028192003665026277,0.0007771831151330844,0.9994424223899842,0.015625,0.40625,0.9521484375,0.99609375,0.9375,0.26195197788417696,0.41084665697674416,0.3571667969226837,0.10759844240692969,,,,,,,
425,0.0009607198880985379,0.18339858949184418,4.0,1.0,4.873531818389893,0.0009607201063772663,0.0018590404652059078,0.0007748159841867164,0.999454778432846,0.015625,0.6125,0.916259765625,0.9931640625,0.890625,0.21294806985294118,0.3185185185185185,0.30457407236099243,0.12016239139052703,,,,,,,
426,0.0020494740456342697,0.20525556802749634,4.0,1.0,0.8481564521789551,0.0020494741584116127,-0.0003393949955352582,0.0020834136521443725,0.9993357956409454,0.015625,0.509375,0.98779296875,0.998046875,0.984375,0.4002733080635355,0.6467303636570907,0.49905258417129517,0.04565399465203033,,,,,,,
427,0.00044463854283094406,0.17066659033298492,4.0,1.0,0.6831766963005066,0.0004446385137271136,0.00020665122428908944,0.00042397339711897075,0.999066174030304,0.015625,0.4875,0.9639500209263393,0.9964250837053571,0.953125,0.28826925872093023,0.44403856019151844,0.38466426730155945,0.1317433273304489,,,,,,,
428,7.825635839253664e-05,0.19098059833049774,4.0,1.0,0.5592736601829529,7.825632928870618e-05,0.0005535999080166221,2.289637632202357e-05,0.9992488622665405,0.015625,0.490625,0.9756511334828877,0.9963545339315509,0.96875,0.22644777090220777,0.3988972666343669,0.3240128457546234,0.12181435860089035,,,,,,,
429,-0.00022715108934789896,0.2006831169128418,4.0,1.0,0.43237683176994324,-0.00022715109662385657,-0.001282211538637057,-9.892987145576626e-05,0.9994231760501862,0.015625,0.39687500000000003,0.9631916884834885,0.9933917539339538,0.953125,0.11818030024509804,0.2650467218137255,0.21449948847293854,0.07474489490568058,,,,,,,
430,0.00036979338619858027,0.1959841102361679,4.0,1.0,0.44275665283203125,0.0003697932988870889,0.0016847688821144402,0.00020131628843955696,0.9994216144084931,0.015625,0.465625,0.9394716578037465,0.9927824645483193,0.921875,0.24031371717776256,0.42687932246542026,0.33426088094711304,0.11819936807370818,0.5285714285714286,0.9369419642857143,0.9810267857142857,0.9464285714285714,0.2894230587583871,0.4383035578572514,0.3831172552225845
431,-0.0006605619564652443,0.16430746018886566,4.0,1.0,0.84976726770401,-0.0006605620437767357,-0.0009013090748339891,-0.0005704310024157166,0.9993899539113045,0.015625,0.30312500000000003,0.9223777369449013,0.9941984477796053,0.90625,0.18723998589261287,0.33010217168262657,0.2794777452945709,0.035931430319014274,,,,,,,
432,0.0005184429464861751,0.1429627239704132,4.0,1.0,0.24449880421161652,0.0005184429064684082,-0.000875217723660171,0.0006059646620997228,0.9993315562605858,0.015625,0.553125,0.964111328125,0.9970703125,0.953125,0.09751233327633378,0.1815203915868673,0.1939234584569931,0.0506037138723455,,,,,,,
433,-0.003277311334386468,0.19769515097141266,4.0,1.0,0.814037561416626,-0.0032773115090094507,-0.003292608424089849,-0.002948050503619015,0.9992650151252747,0.015625,0.384375,0.94423828125,0.9810546875,0.953125,0.21288778214774282,0.34863414842681256,0.3073115944862366,0.08934196930615729,,,,,,,
434,5.100388079881668e-06,0.19545434415340424,4.0,1.0,1.0806396007537842,5.100329872220755e-06,-0.0009867657499853522,0.00010377695434726775,0.9993656694889068,0.015625,0.4,0.9754231770833334,0.998046875,0.96875,0.3140870917407661,0.49783686730506155,0.41162940859794617,0.09711998849031588,,,,,,,
435,0.00016676331870257854,0.2103695422410965,4.0,1.0,0.7251776456832886,0.00016676333325449377,-9.557890007272363e-05,0.00017632136587053537,0.9993158653378487,0.015625,0.571875,0.97607421875,0.998046875,0.96875,0.2600895379711962,0.3743512739398085,0.3576969802379608,0.10569091890078297,,,,,,,
436,-0.000269892014330253,0.16922906041145325,4.0,1.0,2.2551119327545166,-0.000269892014330253,-9.515526471659541e-06,-0.00026894043548963964,0.9991593062877655,0.015625,0.659375,0.97607421875,0.998046875,0.96875,0.19223691860465117,0.264171511627907,0.2898443341255188,0.08923091970441062,,,,,,,
437,0.007467054296284914,0.19900532066822052,4.0,1.0,0.9496737122535706,0.007467054601875134,0.024916771217249334,0.004975377203663811,0.9993244931101799,0.015625,0.45625,0.9207481029798052,0.9808439744192211,0.921875,0.4042435364892081,0.6203054938060496,0.49631839990615845,0.14090286066436095,,,,,,,
438,-0.0009569327812641859,0.21728132665157318,4.0,1.0,1.0912121534347534,-0.0009569327739882283,-0.0003076355787925422,-0.0009261691593565047,0.9993695095181465,0.015625,0.39375,0.9634121165556067,0.9942734662224265,0.953125,0.27115348938145994,0.48291949289405683,0.36749470233917236,0.047393778411252786,,,,,,,
439,-0.0014920532703399658,0.20077884197235107,4.0,1.0,1.283120036125183,-0.001492053212132305,0.00027735450566979125,-0.001519788638688624,0.999297022819519,0.015625,0.50625,0.993359375,1.0,1.0,0.44839176736586106,0.6794036897704818,0.5477277040481567,0.09376625356694687,,,,,,,
440,0.0038654517848044634,0.20733395218849182,4.0,1.0,0.7669818997383118,0.0038654520467389375,0.02350354997906834,0.0015150972176343203,0.9993720278143883,0.015625,0.42812500000000003,0.921126655910326,0.9823581861413043,0.921875,0.19985085594315247,0.30607235142118866,0.29196351766586304,0.05124164150622943,0.47857142857142854,0.9148995535714286,0.9642857142857143,0.9464285714285714,0.28105564784053155,0.43530877467265977,0.3725456031305449
441,0.010736793279647827,0.20713278651237488,4.0,1.0,0.9966089725494385,0.010736792726675048,0.020727246475871652,0.008664068031066563,0.9994380474090576,0.015625,0.50625,0.9323760986328125,0.98048095703125,0.9375,0.369937799247606,0.5842211012311902,0.4631754159927368,0.05393742557511409,,,,,,,
442,0.0014340778579935431,0.20197920501232147,4.0,1.0,2.14192795753479,0.0014340779453050345,-0.0001233985531143844,0.0014464177074842155,0.9994338651498159,0.015625,0.646875,0.9286150251116071,0.9957101004464286,0.90625,0.5802677696078431,0.7833180147058824,0.6731292605400085,0.13141098979525478,,,,,,,
443,0.0010561461094766855,0.17411604523658752,4.0,1.0,0.5167255401611328,0.0010561460949247703,-0.0010466314852237701,0.0011608091299422085,0.9992656484246254,0.015625,0.425,0.964280958299513,0.997748833198052,0.953125,0.25347068177300736,0.4083662542238124,0.3498987555503845,0.09178362670880172,,,,,,,
444,0.0013704372104257345,0.1886613368988037,4.0,1.0,0.7645455002784729,0.0013704372104257345,0.0,0.0013704372104257345,0.9993280991911888,0.015625,0.346875,1.0,1.0,1.0,0.23187316176470588,0.3840533088235294,0.33187317848205566,0.08290460165433015,,,,,,,
445,0.0017498957458883524,0.19798141717910767,4.0,1.0,0.790989100933075,0.001749895527609624,0.00368992832954973,0.0013809024239890277,0.9994059652090073,0.015625,0.41875,0.9328405809967886,0.9969873239871542,0.953125,0.2214232073643411,0.3203326873385013,0.3147072494029999,0.11166761481842258,,,,,,,
446,0.010302447713911533,0.2064085751771927,4.0,1.0,2.575756311416626,0.010302447350113653,0.02622021356364712,0.007680426264414564,0.9994415402412414,0.015625,0.39375,0.9081111742719193,0.9771712595876774,0.90625,0.2556201746323529,0.4775199142156863,0.34643128514289856,0.04815489846739157,,,,,,,
447,5.028641317039728e-05,0.19300758838653564,4.0,1.0,0.9146435260772705,5.028637679060921e-05,0.0004593754420056939,4.348839865997434e-06,0.9993433356285095,0.015625,0.371875,0.9522119841507177,0.9963479366028708,0.9375,0.21892072432170542,0.3147152239448751,0.3141419291496277,0.056671183389789104,,,,,,,
448,-0.0009908750653266907,0.17119738459587097,4.0,1.0,0.8811373114585876,-0.0009908753490890376,0.0007147370197344571,-0.0010623490379657596,0.999216303229332,0.015625,0.34375,0.9758538189404935,0.9971652757619739,0.96875,0.22054658139297387,0.38117213031045755,0.3181319832801819,0.054815790353653804,,,,,,,
449,0.00042983819730579853,0.14474307000637054,4.0,1.0,0.7117341756820679,0.0004298381390981376,0.002231658436357975,0.00020667200442403555,0.9993897378444672,0.015625,0.496875,0.8440960372906173,0.9857591491624694,0.796875,0.19327083333333334,0.3434027777777778,0.2776804268360138,0.056688998114981,,,,,,,
450,0.006673069205135107,0.18118660151958466,4.0,1.0,3.149308919906616,0.006673069219687022,0.024811885377857834,0.004191880580037832,0.9993604868650436,0.015625,0.503125,0.96875,0.9853515625,0.984375,0.29218474264705885,0.48134191176470587,0.38905975222587585,0.10748929977422614,0.5035714285714287,0.8712983630952381,0.9486607142857143,0.9285714285714286,0.2704193306186769,0.432560206299761,0.3575491669720837
